,one,two,three,four,five,six
0,1.0,1.0,1.0,1.0,1.0,1.0
1,1.0383567142604000,1.0383567142604000,1.0383567142604000,1.0383567142604000,1.0383567142604000,1.0383567142604000
2,1.1357321869434000,1.1357321869434000,1.1357321869434000,1.1357321869434000,1.1357321869434000,1.1357321869434000
3,1.276861770965640,1.276861770965640,1.276861770965640,1.276861770965640,1.276861770965640,1.276861770965640
4,1.455564667016990,1.455564667016990,1.455564667016990,1.455564667016990,1.455564667016990,1.455564667016990
5,1.6706446761274400,1.6706446761274400,1.6706446761274400,1.6706446761274400,1.6706446761274400,1.6706446761274400
6,1.9238935821219200,1.9238935821219200,1.9238935821219200,1.9238935821219200,1.9238935821219200,1.9238935821219200
7,2.219106262970400,2.219106262970400,2.219106262970400,2.219106262970400,2.219106262970400,2.219106262970400
8,2.5616143541052600,2.5616143541052600,2.5616143541052600,2.5616143541052600,2.5616143541052600,2.5616143541052600
9,2.9581010264423500,2.9581010264423500,2.9581010264423500,2.9581010264423500,2.9581010264423500,2.9581010264423500
10,3.41657751127893,3.41657751127893,3.41657751127893,3.41657751127893,3.41657751127893,3.41657751127893
11,3.946460094344080,3.946460094344080,3.946460094344080,3.946460094344080,3.946460094344080,3.946460094344080
12,4.558716469151490,4.558716469151490,4.558716469151490,4.558716469151490,4.558716469151490,4.558716469151490
13,5.266066602900660,5.266066602900660,5.266066602900660,5.266066602900660,5.266066602900660,5.266066602900660
14,6.08323240340261,6.08323240340261,6.08323240340261,6.08323240340261,6.08323240340261,6.08323240340261
15,7.0272360883284000,7.0272360883284000,7.0272360883284000,7.0272360883284000,7.0272360883284000,7.0272360883284000
16,8.11775016140215,8.11775016140215,8.11775016140215,8.11775016140215,8.11775016140215,8.11775016140215
17,9.377504908555130,9.377504908555130,9.377504908555130,9.377504908555130,9.377504908555130,9.377504908555130
18,10.832760750711600,10.832760750711600,10.832760750711600,10.832760750711600,10.832760750711600,10.832760750711600
19,12.513854897422900,12.513854897422900,12.513854897422900,12.513854897422900,12.513854897422900,12.513854897422900
20,14.455833168746000,14.455833168746000,14.455833168746000,14.455833168746000,14.455833168746000,14.455833168746000
21,16.699180607133400,16.699180607133400,16.699180607133400,16.699180607133400,16.699180607133400,16.699180607133400
22,19.290665340894100,19.290665340894100,19.290665340894100,19.290665340894100,19.290665340894100,19.290665340894100
23,22.284313177956500,22.284313177956500,22.284313177956500,22.284313177956500,22.284313177956500,22.284313177956500
24,25.742534157961800,25.742534157961800,25.742534157961800,25.742534157961800,25.742534157961800,25.742534157961800
25,29.737423454279100,29.737423454279100,29.737423454279100,29.737423454279100,29.737423454279100,29.737423454279100
26,34.35226436633070,34.35226436633070,34.35226436633070,34.35226436633070,34.35226436633070,34.35226436633070
27,39.68326476106520,39.683264761065100,39.683264761065100,39.683264761065100,39.683264761065100,39.683264761065100
28,45.841562377922100,45.84156237792210,45.841562377922100,45.84156237792210,45.84156237792210,45.841562377922100
29,52.95554190530720,52.95554190530720,52.95554190530720,52.95554190530720,52.95554190530720,52.95554190530720
30,61.17351143470480,61.17351143470480,61.17351143470480,61.17351143470480,61.17351143470480,61.17351143470480
31,70.66679413995860,70.66679413995860,70.66679413995870,70.66679413995860,70.66679413995860,70.66679413995870
32,81.63329988712400,81.63329988712410,81.63329988712420,81.63329988712410,81.63329988712410,81.63329988712420
33,94.30165106853150,94.30165106853170,94.30165106853170,94.30165106853180,94.30165106853180,94.30165106853160
34,108.93594844593900,108.93594844593900,108.93594844593900,108.93594844594000,108.93594844594000,108.93594844593900
35,125.84127707093100,125.84127707093100,125.84127707093100,125.84127707093200,125.84127707093200,125.84127707093100
36,145.37006491218700,145.370064912187,145.37006491218700,145.37006491218800,145.37006491218700,145.37006491218700
37,167.92943183396000,167.92943183395900,167.92943183396000,167.92943183396000,167.92943183396000,167.92943183396000
38,193.9896744419780,193.9896744419770,193.98967444197800,193.98967444197800,193.98967444197700,193.98967444197800
39,224.09407050527100,224.09407050526900,224.0940705052710,224.09407050527000,224.0940705052690,224.0940705052700
40,258.87020306983300,258.8702030698280,258.87020306983200,258.87020306982900,258.87020306982800,258.87020306983000
41,299.0430424688100,299.0430424688000,299.0430424688060,299.04304246880000,299.0430424687990,299.0430424688040
42,345.4500598152520,345.4500598152330,345.450059815243,345.4500598152300,345.45005981522900,345.45005981524000
43,399.0586802473400,399.05868024730300,399.0586802473200,399.0586802472950,399.0586802472940,399.0586802473160
44,460.98644913083400,460.9864491307620,460.9864491307940,460.9864491307450,460.98644913074200,460.9864491307880
45,532.5243243670730,532.5243243669340,532.5243243669920,532.5243243669000,532.5243243668940,532.5243243669830
46,615.1635823887920,615.163582388524,615.1635823886330,615.1635823884540,615.1635823884440,615.1635823886190
47,710.6268985787170,710.6268985782050,710.6268985784080,710.6268985780690,710.6268985780490,710.6268985783860
48,820.9042477958930,820.9042477949140,820.9042477952940,820.904247794651,820.9042477946120,820.9042477952580
49,948.2943781878400,948.2943781860320,948.2943781868260,948.2943781855070,948.2943781854230,948.2943781866160
50,1095.4527063506700,1095.4527063472800,1095.452706348880,1095.4527063462800,1095.452706346090,1095.4527063482800
51,1265.4466115292500,1265.4466115225300,1265.4466115252100,1265.446611520660,1265.4466115203800,1265.4466115248300
52,1461.8194423034100,1461.819442290550,1461.8194422955800,1461.819442286990,1461.8194422864700,1461.8194422950000
53,1688.6642773282600,1688.6642773033500,1688.664277312400,1688.664277296660,1688.664277295760,1688.6642773124100
54,1950.7089829762300,1950.708982929200,1950.708982946940,1950.708982916380,1950.708982914540,1950.7089829458700
55,2253.415154214480,2253.415154124890,2253.4151541586600,2253.415154100470,2253.4151540969500,2253.4151541566300
56,2603.091377532110,2603.0913773616000,2603.091377426020,2603.0913773150300,2603.091377308330,2603.0913774219000
57,3007.024834596350,3007.0248342717000,3007.024834394480,3007.0248341829700,3007.0248341701800,3007.0248343864300
58,3473.63290461707,3473.6329039989100,3473.632904232880,3473.6329038298600,3473.632903805460,3473.632904217230
59,4012.638373355520,4012.6383721783800,4012.6383726242800,4012.638371856280,4012.638371809750,4012.638372593880
60,4635.271676818640,4635.27167457697,4635.27167542622,4635.271673963500,4635.271673874870,4635.271675368130
61,5354.50456179204,5354.504557522910,5354.504559140370,5354.504556354510,5354.5045561857,5354.504559029530
62,6185.319723212380,6185.319715082000,6185.319718162680,6185.319712856640,6185.319712535100,6185.319717951070
63,7145.022204778230,7145.022189294150,7145.022195161540,7145.0221850558500,7145.022184443420,7145.022194757980
64,8253.598880028630,8253.598850539690,8253.598861714360,8253.598842467780,8253.598841301350,8253.598860945100
65,9534.133402742520,9534.133346582140,9534.13336786403,9534.133331209370,9534.133328987920,9534.133366398580
66,11013.285141969300,11013.285035016300,11013.285075546400,11013.285005739900,11013.285001509300,11013.285072754800
67,12721.841901887700,12721.841697993900,12721.841775273700,12721.841642202600,12721.841634175800,12721.841769923000
68,14695.357759689400,14695.357373237800,14695.357519575500,14695.357267323500,14695.35725176920,14695.357509684900
69,16974.888735289500,16974.88799968980,16974.888278217200,16974.88779804330,16974.887768356400,16974.888259439800
70,19607.840625200100,19607.839219875800,19607.83975231200,19607.83883507040,19607.83877922660,19607.839715826200
71,22648.949643803300,22648.94696665350,22648.947981023900,22648.94623366820,22648.946127437500,22648.947911391100
72,26161.40855059710,26161.403452376500,26161.40538404660,26161.402056405500,26161.40185388610,26161.405251553500
73,30218.166950555100,30218.157233223300,30218.160915582100,30218.154573260500,30218.154188830000,30218.160661970700
74,34903.429854563300,34903.41135428930,34903.41836485110,34903.4062899245,34903.405557652,34903.41788222210
75,40314.381461451100,40314.34623458710,40314.35958375130,40314.33659155320,40314.33519755970,40314.35866448660
76,46563.16985554260,46563.10278097310,46563.128198964500,46563.084420109900,46563.08176624710,46563.12644829230
77,53779.189271685800,53779.06156190090,53779.10995788480,53779.026603065500,53779.02155053560,53779.10662427050
78,62111.702941502000,62111.459855556300,62111.55199707160,62111.39329763160,62111.38367869600,62111.54564972930
79,71732.85440904070,71732.39164104350,71732.56705938050,71732.26492905050,71732.246617181,71732.55497492560
80,82841.11999134070,82840.23901424280,82840.57294711850,82839.9978013887,82839.96294297720,82840.54994217770
81,95665.26149496170,95663.58468333730,95664.22032469070,95663.1255362671,95663.0591843413,95664.1765340955
82,110468.841503251,110465.65003167100,110466.85982621000,110464.77615560500,110464.64987180100,110466.77648015300
83,127555.36652385300,127549.2930331310,127551.59525622200,127547.63006287700,127547.38974831500,127551.43664874500
84,147274.12077512700,147262.56348373400,147266.9437327000,147259.39950861900,147258.94228789600,147266.64196110500
85,170026.73618282100,170004.75328308200,170013.0849273690,169998.73516823200,169997.86550624600,170012.51092518000
86,196274.54094787600,196232.7412332100,196248.58258371000,196221.29885587300,196219.64536087700,196247.49119701600
87,226546.61924723200,226467.18416977200,226497.2867740510,226445.44215893300,226442.30026834000,226495.21283150700
88,261448.45955973900,261297.63390687700,261354.7853553260,261256.35552454600,261250.39070532900,261350.84762245600
89,301670.8080147140,301384.7992865480,301493.16806087600,301306.53405391400,301295.2251371220,301485.7013909140
90,347997.9903189650,347456.7136328730,347661.77919049600,347308.62927495000,347287.23261639100,347647.6491017670
91,401314.3354081320,400293.12320548100,400679.94857755500,400013.8348587210,399973.4842116260,400653.2920905310
92,462606.42809989400,460689.06804327,461415.1428941820,460164.9902681850,460089.2842891500,461365.10044754500
93,532958.0169498640,529385.2346126880,530737.5835717050,528409.5610694640,528268.6525305390,530644.3534016070
94,613534.3269776890,606953.5242812270,609442.6971007550,605159.0269537200,604899.9526266810,609271.0266226740
95,705555.9162236500,693641.7180721610,698143.2733164040,690400.2085605300,689932.4870003030,697832.6214102420
96,810272.3029811430,789224.3889060360,797163.7032981370,783517.4018830740,782694.6271218500,796615.2992912710
97,928961.4571236060,892972.6273603230,906514.7943990010,883263.0014494490,881864.8865199730,905578.0867133170
98,1062986.332875570,1003871.4509274900,1026040.865437410,988032.49289485,985755.6999588180,1024504.4888435400
99,1213908.6921979400,1121074.576404570,1155735.409195080,1096426.7125426600,1092891.677587580,1153327.3294493100
100,1383604.5369336800,1244350.0463377100,1296055.9795945500,1207795.2235595400,1202567.3010665600,1292452.4640065500
101,1574312.4004848800,1374229.1672845000,1448036.666304010,1322409.16923245,1315023.0214610500,1442873.8697744000
102,1788602.1835183500,1511826.9029963600,1613171.4116410900,1441230.0461716700,1431206.1127709500,1606052.9261050600
103,2029307.0220416300,1658537.3922002400,1793206.123210160,1565529.5022919600,1552379.076054520,1783704.1354196900
104,2299459.4268344100,1815794.6494616800,1989970.7046305800,1696594.786398680,1679816.851439210,1977622.4271989300
105,2602242.9844096900,1984952.7825020100,2205289.551295580,1835585.3235767900,1814659.8683559000,2189591.6982446000
106,2940950.483955590,2167253.2499621700,2440948.8723063600,1983498.78857578,1957879.9081977400,2421352.21631014
107,3318935.3037827600,2363832.574304630,2698688.6765519000,2141188.427133420,2110298.748138750,2674593.819266990
108,3739545.7578212800,2575739.8359695700,2980197.906292950,2309393.6527791000,2272620.5448120500,2950952.8327630700
109,4206035.903160300,2803949.9340728300,3287102.3456325800,2488766.815540720,2445460.3491725200,3252002.0749953700
110,4721448.327428870,3049368.207626720,3620941.578402200,2679891.024574170,2629363.545172310,3579230.231112520
111,5288466.289908710,3312826.2214179300,3983134.2585197000,2883289.0754686800,2824816.286505160,3934009.875419070
112,5909234.134649920,3595069.827873630,4374932.041995100,3099425.1323761000,3032248.6486424300,4317554.533618690
113,6585147.153100230,3896740.8420955400,4797362.792879430,3328700.87551692,3252032.288581600,4730865.530253690
114,7316614.640632680,4218353.287609170,5251164.08566822,3571447.5567065600,3484474.058360900,5174669.469045920
115,8102804.080911880,4560265.364151480,5736708.227978030,3827914.872078910,3729806.6283387200,5649347.718274430
116,8941378.8782019,4922647.766862730,6253920.589213340,4098257.625772170,3988176.951311690,6154859.401089590
117,9828247.176914830,5305449.334306300,6802193.85696248,4382520.634830400,4259632.974827950,6690660.322870630
118,10757344.649867600,5708360.943226870,7380301.534983770,4680622.368225080,4544109.368662660,7255620.920731000
119,11720478.236457300,6130778.837217120,7986315.002537990,4992337.883570740,4841412.432015460,7847947.177860000
120,12707260.138899200,6571768.744753550,8617529.524147400,5317281.526100520,5151204.671449960,8465109.40472395
121,13705160.308357000,7030032.43597374,9270405.265581960,5654889.982587700,5472989.79279547,9103784.51236453
122,14699701.551985100,7503878.57171834,9940529.987778340,6004406.269815170,5806098.2798226900,9759817.901058960
123,15674809.007137000,7991199.931197510,10622610.261871600,6364865.40740496,6149674.391058780,10428211.415511300
124,16613314.698621400,8489459.13451616,11310497.440322700,6735082.55564807,6502665.152367060,11103143.210062300
125,17497597.806708600,8995685.20535276,11997253.674249800,7113644.36944285,6863811.972708610,11778024.559445100
126,18310323.468391000,9506482.791250730,12675261.150017800,7498904.375581570,7231645.729965190,12445597.391303300
127,19035227.335939100,10018055.99234700,13336374.862263100,7888983.316926020,7604485.887432780,13098072.216722000
128,19657881.571640600,10526247.992283200,13972116.763192200,8281775.046042820,7980444.372708370,13727306.083905000
129,20166375.949516100,11026597.016063400,14573904.424537100,8674958.72103356,8357434.742884020,14325014.163700300
130,20551853.744182900,11514408.280407200,15133304.855592000,9066017.670246390,8733187.12768501,14883006.805859500
131,20808858.302457100,11984841.02681610,15642300.414772300,9452265.188395540,9105269.254226160,15393440.701170300
132,20935466.034643300,12433008.232362200,16093552.171125400,9830877.260635780,9471113.2925094,15849070.438235200
133,20933206.115186100,12854085.715595400,16480644.843175500,10198931.832362600,9828048.792049230,16243485.901518000
134,20806788.86116870,13243426.230551500,16798298.54092060,10553453.913480700,10173340.917116400,16571321.617920100
135,20563681.211584900,13596674.770044400,17042534.120481200,10891465.549074100,10504233.291707500,16828424.89832560
136,20213578.706048800,13909879.157294200,17210783.040630200,11210039.27550140,10817994.379951400,17011973.518016000
137,19767825.343399800,14179591.113398500,17301936.370168800,11506353.442787100,11111966.227747700,17120536.841005900
138,19238829.01736550,14402953.215751200,17316332.11353730,11777747.655114200,11383613.93424880,17154079.135791000
139,18639512.36082630,14577767.488086600,17255684.92449460,12021776.302718400,11630574.354863200,17113906.971091800
140,17982827.105444500,14702542.930995500,17122966.51715120,12236258.437216300,11850702.318285100,17002567.565273100
141,17281349.704252100,14776519.950736900,16922245.757097300,12419321.74905540,12042112.808665900,16823706.74651600
142,16546965.205155000,14799671.485746900,16658501.452975000,12569439.986425800,12203217.311048800,16581897.776294000
143,15790638.407058800,14772681.346568900,16337419.985660900,12685460.891159000,12332753.936385800,16282452.015632500
144,15022265.23382890,14696902.249638700,15965189.327166000,12766625.293235500,12429808.68219400,15931223.22677860
145,14250593.365958700,14574296.067963000,15548299.760491300,12812576.105420000,12493828.93482740,15534415.123003300
146,13483200.656959100,14407359.968192200,15093359.172364100,12823357.020049200,12524627.974947700,15098400.555417300
147,12726517.79759000,14199043.009325700,14606929.480704700,12799401.700685500,12522380.543154600,14629558.714404400
148,11985883.843620100,13952656.557833100,14095386.930324600,12741513.938654700,12487610.318517600,14134134.205702500
149,11265624.471626400,13671782.913856900,13564809.286743600,12650839.922122000,12421169.77097290,13618120.628136000
150,10569143.718973900,13360185.54348330,13020888.52867730,12528834.05205140,12324213.486522500,13087168.660494000
151,9899022.602624540,13021723.937703300,12468868.448548100,12377219.722126100,12198166.158219800,12546518.341155100
152,9257119.125326290,12660275.444522900,11913504.910899900,12197946.608246400,12044686.625200500,12000953.187736900
153,8644665.777340200,12279665.743137100,11359045.353566600,11993146.189778400,11865629.131130100,11454774.126367700
154,8062361.813878600,11883609.127235800,10809225.141104600,11765086.805957800,11663003.795575200,10911789.990168700
155,7510458.60220934,11475658.903078400,10267277.11570770,11516129.671810500,11438935.709608800,10375321.93924250
156,6988837.0721022400,11059168.12642710,9735951.534872040,11248686.989039800,11195626.85455360,9848218.770180100
157,6497076.857729250,10637260.019579900,9217543.656037990,10965183.026698800,10935318.645585400,9332880.399305350
158,6034517.242163380,10212807.579145700,8713926.533906060,10668019.088961400,10660257.872767900,8831287.237607580
159,5600310.1071759700,9788421.308902810,8226586.950523600,10359542.099271300,10372665.564307700,8345033.517685840
160,5193465.536369600,9366444.091761110,7756663.099533960,10042018.49400230,10074710.02000910,7875362.486998030
161,4812890.541709900,8948952.22591202,7304982.126274150,9717612.00752952,9768483.446625690,7423202.454063410
162,4457421.714915080,8537761.275774190,6872097.070988280,9388366.115651800,9455982.59741191,6989202.417007710
163,4125852.375770500,8134436.004889660,6458322.145974180,9056190.74199694,9139093.512974920,6573766.484547670
164,3816954.9512266200,7740303.277295040,6063765.894482470,8722852.968329500,8819579.773189690,6177086.510227360
165,3529499.143016590,7356467.23619516,5688361.917945260,8389971.27984691,8499074.302254750,5799172.527245250
166,3262266.501816520,6983825.702709250,5331896.957601500,8059013.034439000,8179074.358171780,5439880.784391710
167,3014061.941702890,6623087.546545300,4994036.272660220,7731294.666166030,7860939.295595990,5098939.230609740
168,2783722.642706830,6274790.2796055000,4674346.349804580,7407984.259296760,7545890.747881390,4775970.431985970
169,2570124.7149343500,5939317.515742000,4372315.015463540,7090106.04139811,7235014.89769731,4470512.011743260
170,2372188.044620250,5616915.958786980,4087369.1042136600,6778546.4029004,6929266.430330030,4182034.6821695100
171,2188879.643192250,5307711.680670480,3818889.7419993000,6474060.909213570,6629473.858986250,3909958.016893260
172,2019215.7201750100,5011725.4923034400,3566225.840764900,6177282.641619370,6336345.893147080,3653664.1481047200
173,1862262.7563876800,4728887.307252060,3328705.184069420,5888730.462592050,6050478.59170845,3412509.551721190
174,1717137.751272510,4459049.432544500,3105644.1674823800,5608818.046291100,5772362.955650950,3185835.063589630
175,1583007.8286103600,4201998.679697190,2896355.8568761900,5337862.864370390,5502393.028293870,2972974.417553010
176,1459089.3299542500,3957467.412608940,2700156.6751699500,5076095.069877490,5240873.829276470,2773261.308963110
177,1344646.5199979100,3725143.5014874300,2516371.895852190,4823666.33728229,4988029.45930418,2586035.226636930
178,1238990.0009924900,3504679.1974581400,2344340.0886971500,4580658.171594810,4744010.974948300,2410646.2849317100
179,1141474.9147398500,3295698.9806939800,2183416.6429048000,4347089.993196210,4508904.011964660,2246459.0458602700
180,1051499.003286130,3097806.540651270,2032976.496356870,4122926.7191542900,4282736.074963640,2092855.559454070
181,968500.5764505450,2910590.8066627000,1892416.208525570,3908085.8474671600,4065483.4446280100,1949237.6879454000
182,891956.4361253490,2733631.2160556800,1761155.4417369200,3702444.041198290,3857077.657378070,1815028.8346334800
183,821379.7874030560,2566502.2540677200,1638637.9622387900,3505843.1910615200,3657411.5332541300,1689675.159986680
184,756318.1651153900,2408777.3225742200,1524332.2331967000,3318095.960328310,3466344.750734590,1572646.3712380300
185,696351.4014679130,2260032.016584890,1417731.6711263600,3138990.8227058900,3283708.9628054900,1463436.1504451500
186,641089.6443994550,2119846.8580766600,1318354.6199928000,2968296.610972180,3109312.4698404900,1361562.2835660800
187,590171.441602214,1987809.572854170,1225744.1051103900,2805766.595576260,2942944.372476740,1266566.5477336500
188,543261.9021097090,1863516.930450120,1139467.3912296500,2651142.12342034,2784378.535223180,1178014.3914649100
189,500050.9385411920,1746576.258334960,1059115.408949060,2504155.8401369200,2633376.820060420,1095494.4644146500
190,460251.58418410300,1636606.5639527500,984302.0632615570,2364534.5296541900,2489692.1999334600,1018618.0176656000
191,423598.4171649940,1533239.4404681600,914663.458201116,2232001.598502470,2353071.4175367900,947018.2066643970
192,389846.0509934880,1436119.7048112900,849857.0605328730,2106279.234950090,2223257.357630070,880349.3252786760
193,358767.72031672200,1344905.8338360300,789560.8204053230,1987090.2689460600,2099991.0806198900,818285.9866971580
194,330153.949613645,1259270.222017120,733472.2737582180,1874159.7676061600,1983013.6112032000,760522.2707177440
195,303811.303689645,1178899.2924044800,681307.6212997430,1767216.3699885900,1872067.47106014,706770.8521716340
196,279561.21763174100,1103493.4799580500,632800.8158431110,1665993.4246049200,1766897.9889575700,656762.1216565100
197,257238.90184972100,1032767.1113849200,587702.6525227580,1570229.9276735200,1667254.3951329300,610243.3081806700
198,236692.32201727700,966448.1986573410,545779.8709546450,1479671.2762130300,1572890.7426479400,566977.611478196
199,217781.24570407100,904278.1625859320,506814.2928875530,1394069.8813094700,1483566.6712097000,526743.3563671400
200,200376.35541444600,846011.5011854940,470601.96955235000,1313185.636395630,1399048.0155950800,489333.14875459000
201,184358.42416604400,791415.4125920590,436952.3629843440,1236786.269140070,1319107.292018650,454553.08786134000
202,169617.54919907200,740269.3845133980,405687.5582732650,1164647.5956952900,1243524.0644187400,422221.9806115460
203,156052.4404383160,692364.7641155990,376641.5075306010,1096553.6759604100,1172085.2226648000,392170.59592153900
204,143569.7601079740,647504.3044384660,349659.30774295000,1032296.9040419100,1104585.1673117300,364240.9492246230
205,132083.5116010180,605501.7031209830,324596.5129303590,971678.0190409340,1040825.9222721200,338285.6184705230
206,121514.47278415800,566181.1389020860,301318.4773882260,914506.0676673380,980617.1823441430,314167.09242765600
207,111789.67020873800,529376.7937837790,279699.73461217800,860598.3194925750,923776.3059012730,291757.15172369300
208,102841.89617735500,494932.40561995600,259623.41415651800,809780.1406202940,870128.2620969920,270936.2806922410
209,94609.25669997120,462700.8019368460,240980.67480835500,761884.835752063,819505.5362329300,251593.1119106700
210,87034.75808261150,432543.453389897,223670.18902443900,716753.4629767550,771748.0043722400,233623.90022550300
211,80065.92468761040,404330.03633021100,207597.64665541200,674234.6283663610,726702.7804631600,216932.02642573900
212,73654.44328279770,377938.008157047,192675.2880133480,634184.2634577620,684224.0465912580,201427.5308525460
213,67755.83625370980,353252.19591017400,178821.46704117400,596465.3902880220,644172.8501745990,187026.67221811000
214,62329.16087859530,330164.3972638290,165960.24056794500,560947.878252787,606416.9097208080,173651.51530152700
215,57336.729703557700,308573.0110200060,154020.98313861300,527508.1944116240,570830.3939704890,161229.5410599730
216,52743.853954416300,288382.644928534,142938.02575137500,496029.1500910280,537293.7001866410,149693.2831107290
217,48518.60672151200,269503.79236786400,132650.3178189020,466399.6459170780,505693.2261087200,138979.98646928800
218,44631.604557306600,251852.4826701400,123101.11007974700,438514.4300564430,475921.1417041220,129031.28708617300
219,41055.80592175600,235349.96457470400,114237.65981693000,412273.8143475920,447875.1576795320,119792.91184174900
220,37766.32559562800,219922.4026285850,106010.95339630900,387583.4705808240,421458.2987827890,111214.399901875
221,34740.26355690140,205500.58599791100,98375.4471719252,364354.15654692700,396578.6780441910,103248.83922110100
222,31956.547389047700,192019.66290279600,91288.82777779250,342501.4915921470,373149.26259310500,95852.62246316260
223,29395.78692145930,179418.86205804000,84711.78649797880,321945.72239028000,351087.6691931300,88985.2184335171
224,27040.140798445600,167641.26435304300,78607.80842562530,302611.4989653930,330315.9409631950,82608.95868209200
225,24873.192704609800,156633.5618236240,72942.97957356800,284427.65814288700,310760.3491851230,76688.83850953490
226,22879.838935795900,146345.83796667600,67685.79794750370,267327.01361679800,292351.1723420630,71192.33127088030
227,21046.181370975500,136731.36007033700,62807.01041801880,251246.15341040400,275022.51984233700,66089.21521931580
228,19359.434565697500,127746.38288258600,58279.45187090810,236125.24564169200,258712.13404525600,61351.412415170000
229,17807.834816266600,119349.96353380600,54077.897265188300,221907.85493025700,243361.20832543000,56952.83814805520
230,16380.559525394700,111503.78704166500,50178.926036231800,208540.75940878700,228914.21184423000,52869.26071409850
231,15067.65188303840,104172.00252189500,46560.7901098915,195973.78188813300,215318.72178794200,49078.17246847430
232,13859.951567869900,97321.06813664290,43203.300622013300,184159.62960105700,202525.26188937000,45558.665510555800
233,12749.031601939500,90919.60601973720,40087.71403755660,173053.72997582800,190487.14686395,42291.321606813900
234,11727.13932258720,84938.2657615854,37196.63007388510,162614.08676913900,179160.33923484900,39258.10565625270
235,10787.142631591000,79349.59562402900,34513.896106682100,152801.14305431100,168503.2991499020,36442.26819350870
236,9922.480429858980,74127.92245654860,32024.518260060900,143577.63989528400,158476.85809934900,33828.253578100600
237,9127.116953015070,69249.23811649620,29714.5787298378,134908.49097415300,149044.0872683780,31401.61702598470
238,8395.499717870480,64691.09334661340,27571.158993175800,126760.66112404500,140170.1754801140,29148.944292194600
239,7722.520903122880,60432.49790596110,25582.26837051090,119103.04984324800,131822.31322361700,27057.77905155150
240,7103.481778239560,56453.82710079930,23736.77776010110,111906.38312340300,123969.58215956000,25116.554798455000
241,6534.059969506480,52736.734780616500,22024.35797187270,105143.10898499400,116582.85015211200,23314.53162810770
242,6010.279273733940,49264.069266298000,20435.422350172300,98787.29886366570,109634.671703104,21641.737330648800
243,5528.482150769610,46019.79834523930,18961.074005564900,92814.55619390210,103099.19372762100,20088.91277467470
244,5085.303909275140,42988.93604632090,17593.055485723200,87201.92727079470,96952.06524449150,18647.4610759005
245,4677.649450449350,40157.47525314380,16323.703870379700,81927.81722088640,91170.35583669490,17309.400417557900
246,4302.671723145230,37512.323909567700,15145.90765123780,76971.91325454060,85732.46773979400,16067.320196225500
247,3957.7517654001100,35041.24661175980,14053.067214626100,72315.11007098050,80618.06693752130,14914.340150678300
248,3640.480465137220,32732.808275069700,13039.058102771800,67939.4339844327,75808.0109372153,13844.072679765600
249,3348.6417499764200,30576.32234452000,12098.196888546400,63827.987066421100,71284.27580768960,12850.587727268500
250,3080.1971380989800,28561.802168886400,11225.209475278000,59964.87628943340,67029.89764659740,11928.37943997880
251,2833.2715062809500,26679.915483853800,10415.201664220800,56335.1576133132,63028.90488262990,11072.336746742000
252,2606.1399985275700,24921.9417376005,9663.632008251490,52924.77964664850,59266.267451591200,10277.714643573700
253,2397.2159825438200,23279.732236811600,8966.285828348120,49720.531202482400,55727.839315289000,9540.108170318750
254,2205.0400142496000,21745.672825552400,8319.252687898940,46709.9917320883,52400.307660488600,8855.4278491723
255,2028.2696040306000,20312.64901339190,7718.903692899280,43881.48450403590,49271.14465390920,8219.877284340840
256,1865.6698512569500,18974.013315512300,7161.871776177970,41224.03299019560,46328.56166705980,7629.932676777890
257,1716.1048560886900,17723.554741561100,6645.0321793751500,38727.31869571560,43561.46650254670,7082.322195585230
258,1578.5297265330700,16555.47007702610,6165.485687793880,36381.642434729700,40959.42259059500,6574.008955403300
259,1451.983347031270,15464.338014607000,5720.542058783110,34177.88768708890,38512.61057978540,6102.1736798652400
260,1335.5816376912600,14445.092510066200,5307.705035577760,32107.48603857850,36211.7923382878,5664.19926153858
261,1228.5113719307000,13493.001027128000,4924.658329246490,30162.383743027800,34048.276893905200,5257.656272671280
262,1130.024513716070,12603.64214018360,4569.25260507299,28335.011954669300,32013.888316348900,4880.28951169235
263,1039.432987746190,11772.88509108180,4239.493758855950,26618.257197766100,30100.935459902000,4530.005514696360
264,956.1038736526860,10996.870805828800,3933.531354198230,25005.434499057500,28302.18348143720,4204.86098013907
265,879.4549838963840,10271.99395879300,3649.6484291340000,23490.261477713100,26610.826965820400,3903.051993792830
266,808.9507975655680,9594.886484644080,3386.2518672048900,22066.83419098340,25020.464630172300,3622.9040115821300
267,744.0987262552140,8962.40198530028,3141.8634847578700,20729.605745396100,23525.07521848060,3362.862712997730
268,684.4456715672560,8371.60103376555,2915.1117160854200,19473.36163300560,22118.996435663800,3121.4851677874000
269,629.5748491316560,7819.73764279765,2704.7239399849400,18293.20385999900,20796.900981272400,2897.43198756291
270,579.1028862259780,7304.246603729680,2509.5193511746300,17184.529123932300,19553.779398217200,2689.459916578060
271,532.6771427514830,6822.731566738790,2328.4023229979700,16143.01226035360,18384.920156798700,2496.4148825541400
272,489.97324705567400,6372.95395029695,2160.356275958790,15164.589216435000,17285.892090338800,2317.225644084620
273,450.69283135347100,5952.82256490707,2004.4379785228600,14245.44138947130,16252.527837005300,2150.8977400666600
274,414.5614507028860,5560.383926453580,1859.7722522644500,13381.980889572500,15280.908215058800,1996.5081389267000
275,381.3266511844550,5193.81320179215,1725.5470561187400,12570.83662807250,14367.347352746800,1853.2000923996700
276,350.75622349233800,4851.405733212210,1601.0089704758800,11808.84125260300,13508.379274206200,1720.1782028895400
277,322.63657285497500,4531.569095792160,1485.458918157320,11093.018884612800,12700.744373281800,1596.7042513259200
278,296.7712271008080,4232.8159646799500,1378.2482370790500,10420.573592408300,11941.377354833600,1482.092945652360
279,272.9794590376020,3953.7566691787200,1278.7751111593100,9788.878444317150,11227.39568692290,1375.7081891068800
280,251.09503977224300,3693.09328664823,1186.4811384072000,9195.46563426473,10556.088729646400,1276.9595310272000
281,230.96506175389400,3449.613372744360,1100.8482213894500,8638.01642789316,9924.907514733210,1185.2988953826300
282,212.44887376478400,3222.1843534633900,1021.3956179283500,8114.352260129270,9331.4551226958,1100.2175388536300
283,195.41710159267000,3009.7482825030300,947.6772961021840,7622.426667861280,8773.477647032280,1021.2432316227000
284,179.75074231008500,2811.3169056297600,879.2794451507430,7160.316890866160,8248.855671576940,947.9376345516250
285,165.34033353031800,2625.967124622540,815.8180687458320,6726.216579711010,7755.596266465310,879.8938687440300
286,152.08518791946500,2452.8366475405100,756.9368996731830,6318.4287188244300,7291.82537753112,816.7342496429770
287,139.89268973600600,2291.120008974990,702.3053798212000,5935.359029409730,6855.781160710090,758.108235960634
288,128.67764828640100,2140.064824221380,651.6168062835510,5575.5097536548900,6445.806441438360,703.6903840258580
289,118.36170267836700,1998.9682935276100,604.5866109982250,5237.4738406859900,6060.3433084145,653.1786508434640
290,108.87277371323300,1867.173936438860,560.950762150413,4919.9294183416400,5697.926835128620,606.292663106601
291,100.1445597583610,1744.0685397683900,520.464276378187,4621.634761461140,5357.1795672428000,562.7721715480450
292,92.11607890627120,1629.079289983760,482.89987732859300,4341.423076845320,5036.806320928600,522.3756031142260
293,84.73123072130450,1521.6712015291300,448.0466495733660,4078.198587357690,4735.589268044330,484.8787196130910
294,77.93841719468830,1421.3444425432800,415.7089256502520,3830.9317068841900,4452.38334666348,450.07339415091600
295,71.69017573983130,1327.6321890823600,385.7051550481540,3598.6552638513400,4186.111892989170,417.76642697058400
296,65.94284966257820,1240.098382508680,357.86688913710200,3380.460707824170,3935.762544149070,387.77848469884800
297,60.65627852059400,1158.3357031095600,332.03783961377900,3175.494426891250,3700.383466880370,359.943108457466
298,55.793526507793000,1081.963687910170,308.0729814724600,2982.9546221426000,3479.0796924670000,334.1057870095110
299,51.32061631406400,1010.6269404335900,285.8377805912430,2802.088054172490,3271.009728057030,310.12309966269400
300,47.20629437415510,943.9934736283400,265.2074015311300,2632.1871255620400,3075.3823506331600,287.86192014211100
301,43.42181335539720,881.7532529314660,246.06601275141100,2472.58713253971,2891.4537452501300,267.19867768576500
302,39.94073014876880,823.616623074116,228.30615157866800,2322.6635796405800,2718.524266907960,248.0186718579360
303,36.738721738373300,769.3130318603140,211.82810589277300,2181.829896669820,2555.93634535643,230.2154349197590
304,33.7934150082815,718.5897811016060,196.53936177172800,2049.535058113260,2403.071628030220,213.69013882101100
305,31.084230405463900,671.210815865951,182.35408216359900,1925.2614119360800,2259.348729165740,198.35106008664500
306,28.592238345356100,626.9556482274260,169.19262506989200,1808.5226751095600,2124.2210157578500,184.11304262523800
307,26.300026757552500,585.6183267660880,156.98109656546,1698.8620443674600,1997.1745315304600,170.89705316601700
308,24.19157934463320,547.0064766469920,145.650936139362,1595.8504031602700,1877.7260370321700,158.62972978570300
309,22.252164235501700,510.9404054884470,135.13853133050800,1499.0846465479300,1765.4212109668100,147.24297610766200
310,20.468230243774000,477.2522680053500,125.38485941800600,1408.1861037473500,1659.8328561054400,136.67358528506000
311,18.827312271072300,445.78528481506400,116.33516378009200,1322.7990576654100,1560.5593276992700,126.86288075481000
312,17.317945057295700,416.39301016299100,107.93863028312000,1242.5893536293700,1467.2230016287500,117.75640682614700
313,15.92958234046390,388.93865836528500,100.1481182648950,1167.2430937731300,1379.468827453930,109.30361402659800
314,14.652523413236800,363.2944618091470,92.91988836136610,1096.4654085865000,1296.9629824568800,101.45757732531500
315,13.477844564231300,339.34106674983800,86.21335806756210,1029.9793003462100,1219.3916057409900,94.17474463402130
316,12.397338901213900,316.96699731294000,79.99087418785580,967.524570002589,1146.4596015620800,87.41468754122670
317,11.403456199067700,296.06812541261100,74.21749761847310,908.8568075012280,1077.889521737560,81.13988042762600
318,10.48925214978340,276.54718786657600,68.86081753356840,853.746376730476,1013.4205063735400,75.31549121769990
319,9.648338941144510,258.3133345662460,63.89075784390330,801.9775961612980,952.8072909841720,69.90918812178610
320,8.87484088390771,241.28170072269100,59.27941355008980,753.3478545869270,895.8192777699440,64.89096012893020
321,8.16335345025533,225.37302530067100,55.00089500652660,707.6668223921550,842.2396604755090,60.23295061310010
322,7.508905271269870,210.5132673830110,51.031180130778100,664.7557110450220,791.8645978037640,55.90930242341470
323,6.906923572517640,196.63326882076900,47.34798095234870,624.4465681986400,744.502437302595,51.89601386316220
324,6.3532021542682000,183.66843095008900,43.93061814051670,586.5816269722630,699.9729872125260,48.17080876415320
325,5.843872044783860,171.55841415270400,40.759904857930200,551.01268548419,658.1068317737740,44.71300593041500
326,5.375374424595680,160.24685732711200,37.81803910220230,517.6005242381570,618.744686754169,41.50341122196110
327,4.944435806567130,149.6811153004220,35.08850378360340,486.21436971826300,581.7367938173420,38.524207877068300
328,4.548045122597500,139.81201397884000,32.55597386211820,456.7313748688190,546.9423499658730,35.75885796799800
329,4.183432663300850,130.5936214461600,30.206230074365600,429.0361412217630,514.2289728358690,33.19201105834760
330,3.848050923190460,121.98303426550400,28.02608092815740,403.0202671509160,483.47219721353900,30.80941691362760
331,3.539556398165230,113.94017661659900,26.003284675824600,378.5819221119880,454.55500147981100,28.597850509996700
332,3.2557935604813000,106.42761914368700,24.126484634515200,355.62545641628000,427.3673624699910,26.545035390109100
333,2.9947797181846900,99.41039501873600,22.385143512860900,334.06100971172600,401.8058370028870,24.639575382031500
334,2.7546911108420700,92.85584454160340,20.769484565662600,313.8041766486520,377.7731684252920,22.8708935037662
335,2.53385020797339,86.73346247603880,19.2704367227042,294.7756685409110,355.1779166508330,21.22917135720180
336,2.3307138075208100,81.01475432721330,17.879582802151300,276.9010044377160,333.93411059777900,19.70529552203000
337,2.143862717430280,75.67310441540310,16.589114752718900,260.1102192939780,313.9609204221890,18.290806743241200
338,1.971991287944880,70.68365170098500,15.391786890175800,244.33758978067600,295.1823506463720,16.977852989448000
339,1.8138986298102700,66.02317362148460,14.280876664579100,229.52137802588700,277.52695092039100,15.75914585224990
340,1.6684801208611900,61.66998088776110,13.250147010027200,215.60358959027500,260.9275441899590,14.62792013413070
341,1.5347196494556800,57.60381265373840,12.293810776251500,202.52974698107800,245.32097113636400,13.57789623418050
342,1.4116826195918900,53.80574404180890,11.406498591401900,190.24867576197400,230.64784990042300,12.603245163735800
343,1.2985093711804200,50.258098226710000,10.583228608508500,178.7123043473200,216.85235017329100,11.698556995450100
344,1.1944091346229200,46.944363789316800,9.819378554612810,167.87547534292100,203.8819808029520,10.858809159614100
345,1.0986544988790700,43.84911799032750,9.11065976029845,157.69577115029900,191.68739024124500,10.07934020902180
346,1.0105764180816700,40.957954953886300,8.45309310071172,148.13334521719200,180.22217835486400,9.355823229595540
347,0.9295594679742040,38.25741865735120,7.842986649408840,139.15076734455400,169.4427202893300,8.684241864661070
348,0.8550375713062830,35.73494033196990,7.27691494817262,130.71287694774400,159.3080003773480,8.060868175185490
349,0.7864900242037540,33.378779778244300,6.7516996874028200,122.78664513458900,149.77945609073500,7.482241422288430
350,0.7234378626575030,31.177970916160700,6.264392293540760,115.34104687102100,140.8208313245760,6.9451497054506
351,0.665440536214229,29.12227142664070,5.812256504634260,108.34693678390800,132.3980384554160,6.446611744932050
352,0.6120928188263450,27.202112839942100,5.392753825945500,101.77693777501100,124.4790286487620,5.983859825023140
353,0.5630219262432010,25.4085585773338,5.003528973707720,95.60533264939950,117.03366993825900,5.5543253040313200
354,0.5178850006783640,23.73326112251310,4.642396627154520,89.80796386704670,110.03363262759700,5.1556237283027700
355,0.47636665460942700,22.16842328953490,4.3073292522744300,84.36213816811500,103.45228130651800,4.785541774603210
356,0.43817679907918700,20.706762031356200,3.9964454546310800,79.24653871384280,97.26457370491770,4.442025111550060
357,0.4030485965918450,19.34147430380030,3.7079998003933200,74.44114122991800,91.4469653510137,4.123166831238400
358,0.3707365764297730,18.066205999264500,3.44037297503859,69.92713559655240,85.97731998901550,3.827196895591080
359,0.34101496225803500,16.875021688618700,3.1920622267193200,65.68685221560430,80.83482535440240,3.5524723245134500
360,0.3136761276781660,15.762377384260000,2.961673436187330,61.70369306891120,75.99991398641790,3.297468077856020
361,0.28852901483589600,14.72309460178360,2.747913074677940,57.96206685587090,71.4541887765461,3.0607685883086100
362,0.2653979232585890,13.752336265928900,2.5495809754212200,54.44732682063380,67.18035298527840,2.841059906280200
363,0.24412122593391100,12.845584269548100,2.3655636065141900,51.145715390931400,63.16214443268930,2.637122362908210
364,0.22455025964462200,11.99861839372160,2.1948277886386600,48.044308815326800,59.3842735410532,2.4478239968537100
365,0.20654827903500800,11.207496680974900,2.036414917281410,45.13096708481970,55.83236525296540,2.2721138236445000
366,0.189989500117505,10.468537092362500,1.889435578757070,42.39428617010880,52.49290430433430,2.1090165251728200
367,0.17475821929795600,9.778300348653070,1.7530645526499100,39.823553703958500,49.353183799597900,1.9576267012074800
368,0.1607480254633730,9.133573826973150,1.6265361696550500,37.408706770074200,46.401256862608700,1.8171039707095900
369,0.14786101125291200,8.531357220948280,1.5091400411295900,35.14029279267790,43.62589117924170,1.6866682688905800
370,0.13600713422282200,7.968847288579060,1.400217079552710,33.00943221534970,41.01652625878480,1.565595550405090
371,0.12510357255167900,7.443426088499180,1.299155668207870,31.007784020551400,38.56323326440420,1.45321368589957
372,0.11507414001621500,6.9526482189261600,1.205388415279890,29.1275130481801,36.25667722136210,1.348898787783490
373,0.1058487537905720,6.494229488786350,1.1183888645883400,27.361259086876600,34.08808147004290,1.2520718768720400
374,0.09736295912235810,6.06603636566909,1.037668555660460,25.702108345271200,32.04919431308550,1.162195416666010
375,0.08955746189523800,5.666075896157380,0.9627742910121570,24.143566284659200,30.132257602427600,1.0787704787744600
376,0.08237772483584950,5.29248642325508,0.893285516154542,22.67953212908180,28.329977219442900,1.0013339712704600
377,0.07577357770012990,4.943529452406260,0.8288121300747150,21.304275243650800,26.635495320677400,0.9294560188958840
378,0.06969888607062890,4.6175807649033400,0.768992160513501,20.01241201078090,25.042364243583500,0.8627376195307730
379,0.06411120031174630,4.3131232516562800,0.7134897474556670,18.798885593099000,23.544521972972000,0.8008084272397880
380,0.05897146674209210,4.028740010193290,0.6619932446609290,17.658945740246000,22.136269084648400,0.7433246538655170
381,0.054243774824368700,3.7631074134366000,0.6142135286174090,16.5881303730047,20.812247042899400,0.6899671727963510
382,0.04989510402353190,3.5149891354126500,0.5698823380365160,15.582247775875900,19.567417806986000,0.6404398182891090
383,0.045895072598419700,3.2832303884783500,0.5287507744305100,14.637360561036600,18.39704467843920,0.594467641959603
384,0.04221570255506010,3.0667525175836800,0.4905879030989590,13.749770051707700,17.296674270534200,0.5517954513915260
385,0.038831308885208800,2.864547985748900,0.45517945709340300,12.916001850583800,16.262119562905000,0.5121863632135780
386,0.035718247228910100,2.6756756890627200,0.42232663477271100,12.13279224734640,15.289443969684900,0.4754205024599380
387,0.03285475308007770,2.4992565756479600,0.3918449794777840,11.39707541784390,14.3749463605539,0.44129377574505300
388,0.03022081570128620,2.3344695531187100,0.36356335005209300,10.705971415045300,13.515146977698000,0.4096167343509620
389,0.027798041320269300,2.180547640001100,0.3373229847651060,10.056775332367700,12.706774202188400,0.38021354449825800
390,0.02556949791045490,2.0367745235407300,0.31297652156996000,9.446945513240860,11.94675209079930,0.3529209935733320
391,0.02351961113003450,1.9024810077391700,0.29038727387601600,8.874094954080670,11.232188676626900,0.32758755333591300
392,0.021634070462403500,1.7770420393545800,0.2694284167255030,8.335981306199300,10.560364970576900,0.30407260358460000
393,0.019899690406955700,1.6598738124395700,0.24998227897893000,7.8304981661167000,9.928724612264980,0.2822456095182200
394,0.018304354518737500,1.55043100620135,0.2319396770269150,7.355666884895420,9.334864142861280,0.2619853998621930
395,0.01683691594320890,1.4482042493181500,0.2151993032296830,6.909628804799100,8.776523859733910,0.24317951083187000
396,0.015487116449759900,1.3527177515014100,0.199667176667106,6.490637812341880,8.251579218092370,0.2257235596751100
397,0.014245520482655700,1.2635270927622900,0.185256100125616,6.097053882447780,7.758032746914870,0.20952063711430900
398,0.0131034617703825,1.1802171788502500,0.1718851376571290,5.727336369566700,7.294006453349780,0.19448077872697000
399,0.012052976869063300,1.1024002738306000,0.15947922136709000,5.38003805538375,6.857734665307480,0.18052052133471200
400,0.01108670485749930,1.0297141623440600,0.14796873108034600,5.05379945736988,6.447557320008400,0.16756236205364300
401,0.010197897157934900,0.9618205579540100,0.13728901080355900,4.74734354265496,6.061913647921050,0.15553436783599000
402,0.009380344230760420,0.8984034699717180,0.1273801130656510,4.459470719551580,5.699336232680510,0.1443697693787940
403,0.008628333123191330,0.8391677574187780,0.11818639657762800,4.189054132349120,5.358445427431780,0.13400658490811100
404,0.007936609783920580,0.7838377183874620,0.1096562234697700,3.9350352567384700,5.037944105143100,0.12438729131920300
405,0.007300339491725770,0.7321558337645040,0.1017417127000330,3.69641971116604,4.736612722914000,0.11545849293997600
406,0.006715072965961490,0.6838815643669890,0.09439844663557750,3.472273612756780,4.453304681497410,0.10717062454372000
407,0.006176728024147540,0.6387902276454380,0.08758518488594900,3.261719400422710,4.186941965750890,0.0994776761267269
408,0.005681544546707050,0.5966719696985060,0.08126366863503390,3.0639329206262000,3.9365110341642500,0.09233694305297030
409,0.005226058632456600,0.557330751245511,0.07539841598982770,2.8781399629544300,3.7010589689280300,0.08570880827148060
410,0.004807088465310610,0.5205834732515600,0.06995651590938150,2.703613240187930,3.479689848759280,0.07955645233715830
411,0.0044217066290156100,0.48625910489357400,0.06490735631261630,2.5396695891804100,3.2715613394966300,0.07384572375979690
412,0.004067219238238970,0.4541978948910540,0.06022263582431710,2.3856672783825700,3.0758814889333200,0.0685449138710753
413,0.0037411587757819000,0.4242506234860260,0.05587604756715320,2.2410034656429900,2.8919057133582900,0.06362459649791990
414,0.0034412279507498400,0.3962779049330810,0.05184315657005170,2.1051118800529400,2.7189339643390800,0.059057490987176200
415,0.00316534949617695,0.37014954959693100,0.04810132861326950,1.977460585423900,2.5563080649932600,0.05481821467337750
416,0.002911584718474250,0.34574395900786100,0.04462960899705330,1.8575499015483700,2.403409207674940,0.05088324307546290
417,0.0026781658379151900,0.32294753624858700,0.04140843858464910,1.7449104467831400,2.2596555935685900,0.0472307320976753
418,0.0024634599479269700,0.3016541724880520,0.03841976612109700,1.6391012783857700,2.1245002240399800,0.043840410391665
419,0.0022659672610159800,0.2817647806064830,0.03564680040999310,1.5397083025683900,1.997428817718900,0.04069345566225930
420,0.002084307208326540,0.26318678381926400,0.033073976915130000,1.446342367904820,1.8779578536041800,0.03777239029132510
421,0.0019172107258816600,0.24583371603929400,0.030686849954713100,1.358638018785270,1.7656327312149400,0.03506099461485960
422,0.0017635102166028900,0.22962481222343800,0.02847201430529120,1.2762519466324900,1.6600260407875500,0.03254423609356610
423,0.001622131666320940,0.21448462728442700,0.02641703420099150,1.1988616595108300,1.56073593693602,0.03020813665503030
424,0.001492085407414900,0.20034270037922000,0.024510366067343700,1.126164223250740,1.4673846097367600,0.028039727992577400
425,0.0013724614305099700,0.18713321454014000,0.02274130822634190,1.0578750775885400,1.3796168478622000,0.026026973503489100
426,0.0012624314286299300,0.17479468966000200,0.021099940680830700,0.99372689391432,1.2970986842783100,0.02415869855495290
427,0.0011612220204931600,0.16326969672124000,0.019577039689001200,0.9334685602094550,1.2195161280507300,0.02242454221326910
428,0.0010681264416523100,0.15250459553649300,0.01816405316156330,0.8768642164983130,1.1465739687797700,0.020814860841781300
429,0.0009824952048684760,0.14244930823738000,0.01685304733045450,0.8236922889344690,1.0779946532927200,0.019320725355517200
430,0.0009037291456660020,0.13305700782143000,0.015636663629874200,0.7737446394234340,1.0135172312814600,0.017933839320074200
431,0.0008312798422471910,0.12428398086733900,0.014508080337503600,0.7268257511708240,0.952896359331452,0.01664650745623890
432,0.0007646399623912690,0.11608938848974900,0.013460951078533300,0.6827519644862690,0.895901366593523,0.015451583366710100
433,0.00070334695859686,0.10843509574235200,0.012489397305210300,0.6413507551092800,0.8423153791833030,0.014342430876047700
434,0.0006469567398464300,0.10128548938876800,0.011587969431354700,0.6024600500953340,0.7919344963164640,0.013312891409269300
435,0.0005950829183054080,0.0946072889764152,0.010751601278603800,0.5659276559028390,0.7445670136442410,0.012357252508185100
436,0.0005473794691458210,0.08836941182512190,0.009975599398432960,0.5316105338361290,0.7000326927951110,0.011470211862393000
437,0.0005034861312931070,0.08254283112177170,0.009255606548761070,0.4993743529969910,0.6581620754519910,0.01064684606642070
438,0.0004631272535555320,0.07710042543289590,0.008587579605908660,0.46909292634936900,0.618795838989563,0.009882585704122950
439,0.0004259995934631090,0.07201685310947820,0.00796776785641895,0.4406477246666680,0.5817841904618610,0.009173190561826560
440,0.00039184785662163100,0.0672684493516304,0.00739269116819718,0.41392741464981200,0.5469862964910950,0.008514722666171400
441,0.00036043366193947300,0.06283314007930450,0.006859118057609320,0.38882739431864100,0.5142697472084930,0.007903524493603480
442,0.00033153799182102300,0.05869027156666290,0.006364049846721600,0.36524939238043800,0.48351005241407700,0.007336196872564030
443,0.00030495631284202700,0.054820560319840700,0.0059047198167622500,0.34310113295110400,0.454590167962726,0.006809589377279710
444,0.00028051851892587600,0.05120599172512210,0.005478542378902410,0.32229592190971000,0.4274000504086400,0.00632078136834747
445,0.0002580317542988180,0.047829743774659500,0.005083124646289430,0.30275232500085700,0.40183623822917300,0.005867061256904910
446,0.00023734725233204700,0.04467612922347930,0.004716245759627020,0.28439380896815600,0.3778014583232920,0.005445911857484970
447,0.00021832175362982500,0.04173045641221120,0.004375847240196200,0.26714852026365700,0.35520425569043600,0.005054994736820800
448,0.0002008206338429320,0.03897898488195060,0.004060014340401820,0.25094897278055000,0.3339586465827710,0.004692138823926220
449,0.0001847219143355560,0.03640892077521230,0.0037669790725100400,0.23573174551426100,0.31398378899015900,0.004355330166100980
450,0.00016991080024217200,0.03400830681922840,0.0034951006593763700,0.22143726318842900,0.29520367562937200,0.004042696710765120
451,0.0001562846564947330,0.03176599487318380,0.003242846918153580,0.20800959343382200,0.2775468452401040,0.0037525042912390100
452,0.0001437503068661530,0.029671536706531000,0.003008791696876500,0.19539616773525700,0.26094611133385400,0.0034831420415246700
453,0.00013221683805349100,0.02771515453002540,0.0027916346238490200,0.1835475950465360,0.2453383064630540,0.003233115078195140
454,0.00012160773342940600,0.02588777093160410,0.002590146870662390,0.17241750429899900,0.23066404176091900,0.0030010361174713600
455,0.0001118732290941510,0.024180876643617700,0.002403201877903480,0.16196233019117900,0.216867479819144,0.0027856171224270400
456,0.00010290311387097300,0.022586526581073900,0.0022297486241041200,0.15214114461880900,0.20389612275956800,0.002585662463414420
457,9.46588886410955E-05,0.021097298322160300,0.0020688139668319100,0.14291549741714900,0.19170061308495300,0.0024000610489603200
458,8.70690121028511E-05,0.019706256716730500,0.0019194949647670600,0.1342492781330070,0.18023454558932100,0.002227783371659280
459,8.00888192834463E-05,0.01840693129334250,0.0017809531356436400,0.12610857791061400,0.16945429069587800,0.002067871193768960
460,7.36671410910884E-05,0.017193281758678900,0.0016524102556754700,0.11846151361839300,0.15931882838037400,0.0019194384238286500
461,6.77570234722723E-05,0.016059649333193400,0.001533144124996700,0.11127816426457200,0.14978959229407300,0.0017816595218012100
462,6.23212937465024E-05,0.015000757300762900,0.0014224862762467000,0.10453040567129000,0.1408303234834940,0.001653770905821760
463,5.73238552403101E-05,0.014011685947349900,0.001319815543284910,0.09819181487299420,0.13240693128206700,0.0015350616348282100
464,5.27239274025281E-05,0.013087839350676700,0.0012245553308673000,0.09223757214070700,0.12448736172062900,0.0014248738965461900
465,4.85036071740249E-05,0.012224912265552000,0.0011361700811134400,0.08664439850366210,0.117041479853788,0.0013225951008500700
466,4.4620858905101E-05,0.011418867517568200,0.001054165988116120,0.08139039292068400,0.1100409534238260,0.001227658538480390
467,4.10436168161853E-05,0.010665955745798900,0.0009780819766414200,0.07645498295313210,0.10345914485083900,0.0011395361840980100
468,3.77529339518268E-05,0.009962707005953270,0.0009074909797767350,0.07181884514836660,0.09727101012934030,0.0010577398428810700
469,3.47246137884684E-05,0.009305822267293190,0.0008419948496049720,0.06746383705687170,0.0914530019921325,0.0009818144125753530
470,3.1944032660916E-05,0.008692249402150960,0.0007812262822438030,0.06337292534343010,0.0859829825096151,0.0009113394021894070
471,2.93832115576552E-05,0.008119137170960060,0.0007248420670544520,0.05953008275212550,0.08084013774898370,0.0008459226930993800
472,2.702760533527E-05,0.007583814096765180,0.0006725266972525500,0.05592024715660690,0.07600489873647620,0.0007852019643029230
473,2.48600627505584E-05,0.007083786164902720,0.0006239866147993550,0.052529313474871800,0.07145886808097460,0.0007288395821390840
474,2.28659555533441E-05,0.006616726239046840,0.0005789497491898190,0.04934400332258180,0.06718474615415360,0.0006765237039758700
475,2.10319196285285E-05,0.006180456047909740,0.0005371639172062770,0.046351845402917700,0.06316626963656420,0.000627962451599349
476,1.93466098501969E-05,0.005772947143751800,0.0004983945430439840,0.0435411308080543,0.059388148289602300,0.0005828880273852570
477,1.77995852689571E-05,0.005392306860704050,0.00046242348987165700,0.04090085509641500,0.05583600493139610,0.0005410486387740930
478,1.6376885063774E-05,0.005036769449050910,0.00042905098217971600,0.038420689883844100,0.05249632300809980,0.0005022125537751930
479,1.50651426042732E-05,0.0047046736514442500,0.00039808721193862900,0.036090919028914300,0.049356395171655600,0.00046616433593121800
480,1.38557782782735E-05,0.00439446896653711,0.000369357561105746,0.03390241957976300,0.04640427443127710,0.0004327030705208120
481,1.27440290505146E-05,0.004104697414739950,0.0003427034985411550,0.03184661458017330,0.04362872658814070,0.00040164411160920000
482,1.17220390698688E-05,0.003834064732009450,0.0003179720393212770,0.02991546641521730,0.04101919057482530,0.00037281395099854300
483,1.07829081154831E-05,0.003581279249601330,0.0002950248448254440,0.028101425347273300,0.03856573716824780,0.00034605367709275600
484,9.91924910407299E-06,0.0033451473240648200,0.00027373443466897200,0.02639738960081970,0.03625903079348650,0.0003212139897364940
485,9.12487686496334E-06,0.00312458738299997,0.00025397930502835700,0.02479668396473560,0.034090293988716700,0.00029815732831994400
486,8.39398998845501E-06,0.0029185697295527200,0.00023564989145917900,0.02329304293832510,0.03205127469640560,0.00027675582640687100
487,7.7216252233381E-06,0.002726135798867630,0.00021864328950244700,0.02188057867599770,0.030134215526997800,0.0002568904474454850
488,7.10432266185155E-06,0.002546389933729400,0.00020286330053235400,0.020553757892811400,0.02833181932626030,0.00023845181517234100
489,6.53620265109257E-06,0.0023784958505226200,0.00018822279151412200,0.019307398403643600,0.026637228847432400,0.00022133648178633400
490,6.01335282503624E-06,0.002221670752639810,0.00017463883578870100,0.018136628587203800,0.02504399587804460,0.00020544979095157500
491,5.53341234364837E-06,0.002075183936352780,0.00016203497423219500,0.017036853825993100,0.023546057066431000,0.00019070415143261500
492,5.09125138198151E-06,0.001938354662611120,0.00015034196919317900,0.016003770458905800,0.02213771374087840,0.0001770163946063120
493,4.68456868562348E-06,0.001810551468034940,0.0001394929154905320,0.015033325661662500,0.02081360662613900,0.00016431150683746200
494,4.31094549429025E-06,0.001691175675008470,0.00012942609261905500,0.014121725769996400,0.01956869723027920,0.0001525187041441560
495,3.96640291871194E-06,0.0015796721653179300,0.00012008721651927800,0.01326540099043410,0.0183982500126329,0.0001415716153769510
496,3.65008538848983E-06,0.0014755021031849700,0.00011142221174027500,0.012461002730016500,0.01729780946170990,0.0001314108101651340
497,3.35880150662852E-06,0.0013782320531356300,0.00010338142135669400,0.011705382430487700,0.016263189235027200,0.00012197911171792100
498,3.09018777334614E-06,0.001287355708466390,9.59219603737506E-05,0.010995581789502400,0.0152904520445833,0.00011322395135387500
499,2.84349480042823E-06,0.0012024696941408500,8.90006396996823E-05,0.010328822250057800,0.014375895743316600,0.0001050975347441030
,,,,,,Infected