,Date,Infected,Deaths,Recovered
0,2020-01-22,7.0272360883283955,0.2971882738744303,2.1657991905354383
1,2020-01-23,8.11775016140215,0.3521803827796308,2.558164231696345
2,2020-01-24,9.377504908555126,0.4157074870350206,3.011422023412514
3,2020-01-25,10.832760750711635,0.4890936750037788,3.535020958534554
4,2020-01-26,12.513854897422922,0.5738687054683096,4.139876290248409
5,2020-01-27,14.455833168746036,0.6717998328213486,4.838597446563461
6,2020-01-28,16.699180607133414,0.7849286305958687,5.645750896476174
7,2020-01-29,19.290665340894133,0.9156135350541927,6.578163768053117
8,2020-01-30,22.284313177956534,1.0665789861326986,7.655274505706419
9,2020-01-31,25.742534157961774,1.240972235907436,8.899538204553672
10,2020-02-01,29.737423454279103,1.4424289480742638,10.336894676254804
11,2020-02-02,34.35226436633072,1.675148994475852,11.997309230602069
12,2020-02-03,39.683264761065146,1.9439840191577429,13.915397451730193
13,2020-02-04,45.84156237792209,2.254538561365522,16.13114671392056
14,2020-02-05,52.95554190530722,2.613286925021224,18.690749885964475
15,2020-02-06,61.17351143470476,3.0277081034305144,21.647568315898322
16,2020-02-07,70.66679413995864,3.506441753763668,25.063244265214266
17,2020-02-08,81.63329988712412,4.0594682837541205,29.008985992731663
18,2020-02-09,94.30165106853171,4.698316892592662,33.56705226116116
19,2020-02-10,108.93594844593949,5.436305960564131,38.832467163753925
20,2020-02-11,125.84127707093121,6.288820694567521,44.91500122302002
21,2020-02-12,145.370064912187,7.273633804926061,51.94145933171881
22,2020-02-13,167.92943183395923,8.411276128581404,60.05832505878586
23,2020-02-14,193.9896744419768,9.725464537024035,69.43481368860266
24,2020-02-15,224.09407050526897,11.243596399089649,80.26640011048401
25,2020-02-16,258.8702030698283,12.997320695362822,92.77889358320859
26,2020-02-17,299.0430424688004,15.023197796817932,107.23314510932413
27,2020-02-18,345.4500598152332,17.363461725439617,123.93048590216529
28,2020-02-19,399.05868024730296,20.066900393390643,143.2190078909252
29,2020-02-20,460.9864491307623,23.189872780947983,165.50082066909675
30,2020-02-21,532.5243243669344,26.797483722639573,191.24043355875042
31,2020-02-22,615.163582388524,30.964941015889394,220.9744383955678
32,2020-02-23,710.6268985782051,35.779123295293694,255.3226950175297
33,2020-02-24,820.9042477949135,41.34039086050721,295.0012518346915
34,2020-02-25,948.2943781860321,47.764677942010316,340.8372729700391
35,2020-02-26,1095.4527063472785,55.185908944080715,393.7862773921509
36,2020-02-27,1265.4466115225323,63.758788159857815,454.95204240014704
37,2020-02-28,1461.819442290554,73.66202927682868,525.6096447823769
38,2020-02-29,1688.6642773033484,85.10207734932305,607.2320153548467
39,2020-03-01,1950.708982929199,98.31740121316118,701.5205631712486
40,2020-03-02,2253.415154124886,113.58348710391517,810.4408021816453
41,2020-03-03,2603.0913773615957,131.21855581990667,936.2631397169505
42,2020-03-04,3007.0248342716995,151.59020669921745,1081.6102766357785
43,2020-03-05,3473.6329039989087,175.12307250161774,1249.511819252461
44,2020-03-06,4012.6383721783827,202.30766810431908,1443.467406953942
45,2020-03-07,4635.27167457697,233.7106067568805,1667.5195960035876
46,2020-03-08,5354.504557522913,269.98640669870207,1926.3380864577382
47,2020-03-09,6185.319715081996,311.89111979056497,2225.316945394105
48,2020-03-10,7145.022189294151,360.298075865707,2570.686925910306
49,2020-03-11,8253.598850539693,416.2160679289221,2969.6451792114967
50,2020-03-12,9534.133346582143,480.81034959747655,3430.5050468931827
51,2020-03-13,11013.285035016313,555.4268859753165,3962.869040917769
52,2020-03-14,12721.841697993865,641.6203603517395,4577.8285927011675
53,2020-03-15,14695.357373237772,741.1865129856318,5288.194720926778
54,2020-03-16,16974.88799968976,856.1994748687756,6108.764289752491
55,2020-03-17,19607.839219875757,989.054835446268,7056.6271483096325
56,2020-03-18,22648.94696665349,1142.5195137569524,8151.52176356454
57,2020-03-19,26161.403452376526,1319.7891033960425,9416.244114442328
58,2020-03-20,30218.157233223286,1524.554188003888,10877.120504136212
59,2020-03-21,34903.41135428928,1761.076908338769,12564.55339877182
60,2020-03-22,40314.34623458707,2034.2792139551325,14513.650483396521
61,2020-03-23,46563.10278097307,2349.844726744492,16764.95061786881
62,2020-03-24,53779.06156190089,2714.336207071811,19365.26084058208
63,2020-03-25,62111.459855556306,3135.331011259805,22368.62132147506
64,2020-03-26,71732.39164104352,3621.577220312495,25837.417273868716
65,2020-03-27,82840.23901424283,4183.173526786168,29843.659559826316
66,2020-03-28,95663.58468333732,4831.776396368746,34470.45878348692
67,2020-03-29,110465.65003167134,5580.8384046251695,39813.72010337221
68,2020-03-30,127549.2930331308,6445.882310476543,45984.09044255254
69,2020-03-31,147262.56348373447,7444.815558222692,53109.19007428455
70,2020-04-01,170004.75328308155,8598.29075285072,61336.1655559939
71,2020-04-02,196232.7412332104,9930.117285798424,70834.59661684952
72,2020-04-03,226467.18416977156,11467.729412024726,81799.78669374289
73,2020-04-04,261297.63390687728,13242.714447467435,94456.44933520966
74,2020-04-05,301384.7992865482,15291.401931727432,109062.77059938821
75,2020-04-06,347456.7136328728,17655.507490804564,125914.75696041249
76,2020-04-07,400293.12320548116,20382.81263365704,145350.6540142179
77,2020-04-08,460689.06804327,23527.837806344924,167754.9938298482
78,2020-04-09,529385.2346126876,27152.425166481036,193561.45765131188
79,2020-04-10,606953.5242812267,31326.083763851762,223253.20147568957
80,2020-04-11,693641.7180721607,36125.86629737871,257358.70230724124
81,2020-04-12,789224.3889060364,41635.474091639575,296440.97112269833
82,2020-04-13,892972.6273603227,47943.31816326224,341079.11696773715
83,2020-04-14,1003871.4509274879,55139.539572468035,391844.69290279207
84,2020-04-15,1121074.576404574,63312.57330223306,449280.26829026476
85,2020-04-16,1244350.0463377098,72546.45185457525,513890.212564998
86,2020-04-17,1374229.1672844954,82920.1030880518,586149.5411619291
87,2020-04-18,1511826.9029963624,94509.10498256459,666527.6892613539
88,2020-04-19,1658537.3922002364,107389.24418364995,755517.7088274442
89,2020-04-20,1815794.6494616796,121640.61786871876,853661.826319095
90,2020-04-21,1984952.7825020102,137351.18714489034,961568.9469362766
91,2020-04-22,2167253.2499621715,154619.25549446204,1079924.036406578
92,2020-04-23,2363832.574304628,173554.8535157601,1209491.4258253905
93,2020-04-24,2575739.8359695664,194280.2745789974,1351114.3648207602
94,2020-04-25,2803949.9340728256,216930.05558253732,1505712.5707318808
95,2020-04-26,3049368.207626722,241650.63841758715,1674278.8093450738
96,2020-04-27,3312826.2214179253,268599.8592638266,1857874.9634510465
97,2020-04-28,3595069.827873629,297946.335677763,2057627.6652112561
98,2020-04-29,3896740.8420955385,329868.76824994385,2274723.3636258338
99,2020-04-30,4218353.287609168,364555.1337800981,2510402.5427282467
100,2020-05-01,4560265.364151477,402201.74254674366,2765952.858609311
101,2020-05-02,4922647.766862731,443012.10911172576,3042700.8391680233
102,2020-05-03,5305449.334306297,487195.5953759624,3342001.915639384
103,2020-05-04,5708360.943226868,534965.7848988547,3665228.5097511094
104,2020-05-05,6130778.837217123,586538.548963924,4013756.0113630933
105,2020-05-06,6571768.744753553,642129.7794181051,4388946.471931071
106,2020-05-07,7030032.43597374,701952.7621389165,4792129.979496116
107,2020-05-08,7503878.57171834,766215.1920499371,5224583.707507741
108,2020-05-09,7991199.931197514,835115.822691309,5687508.7713533025
109,2020-05-10,8489459.13451616,908840.7894082011,6182005.129426447
110,2020-05-11,8995685.20535276,987559.6253836936,6709044.8736614585
111,2020-05-12,9506482.791250726,1071421.0540811396,7269444.443876477
112,2020-05-13,10018055.99234699,1160548.6219059187,7863836.369469063
113,2020-05-14,10526247.992283221,1255036.2825329378,8492641.319185292
114,2020-05-15,11026597.016063387,1354944.056198397,9156041.352411067
115,2020-05-16,11514408.280407239,1460293.9057490607,9853955.349220753
116,2020-05-17,11984841.02681608,1571065.9667712564,10586017.550283836
117,2020-05-18,12433008.232362228,1687195.3004828952,11351560.285173915
118,2020-05-19,12854085.715595437,1808569.3338588018,12149601.901936678
119,2020-05-20,13243426.230551474,1935026.1311978593,12978840.717612458
120,2020-05-21,13596674.770044351,2066353.6032852645,13837655.533974467
121,2020-05-22,13909879.157294186,2202289.7648846954,14724113.275276039
122,2020-05-23,14179591.113398468,2342524.118792134,15635983.943368953
123,2020-05-24,14402953.215751246,2486700.148306786,16570762.63954144
124,2020-05-25,14577767.488086551,2634418.9323109183,17525698.349965103
125,2020-05-26,14702542.930995483,2785243.7664210284,18497828.64623057
126,2020-05-27,14776519.950736856,2938705.712102225,19484019.417035174
127,2020-05-28,14799671.485746928,3094309.861102677,20481008.248607222
128,2020-05-29,14772681.346568903,3251542.21734642,21485450.53976874
129,2020-05-30,14696902.249638662,3409876.843402765,22493966.13810296
130,2020-05-31,14574296.067963041,3568783.2067187224,23503186.024441004
131,2020-06-01,14407359.968192225,3727733.4236128256,24509797.164013367
132,2020-06-02,14199043.009325698,3886209.1686348193,25510584.173444957
133,2020-06-03,13952656.557833074,4043708.152077662,26502467.32600903
134,2020-06-04,13671782.913856864,4199749.952680951,27482535.6992815
135,2020-06-05,13360185.54348333,4353881.100748053,28448075.055180635
136,2020-06-06,13021723.937703313,4505679.339796868,29396590.11768198
137,2020-06-07,12660275.444522854,4654757.008023236,30325821.17715287
138,2020-06-08,12279665.743137125,4800763.547559788,31233755.145045407
139,2020-06-09,11883609.127235828,4943387.1387405535,32118631.297047287
140,2020-06-10,11475658.903078433,5082355.532521842,32978942.224674735
141,2020-06-11,11059168.12642705,5217436.126103816,33813430.40342595
142,2020-06-12,10637260.019579863,5348435.374805252,34621081.08213905
143,2020-06-13,10212807.579145683,5475197.639841939,35401112.01152172
144,2020-06-14,9788421.308902811,5597603.534931242,36152960.70387839
145,2020-06-15,9366444.091761108,5715567.928409766,36876269.78003551
146,2020-06-16,8948952.22591202,5829037.60869741,37570870.958514005
147,2020-06-17,8537761.275774188,5937988.79355448,38236768.28328372
148,2020-06-18,8134436.004889655,6042424.485362539,38874120.89044171
149,2020-06-19,7740303.277295044,6142371.781275385,39483225.816623755
150,2020-06-20,7356467.23619516,6237879.165900417,40064500.99597159
151,2020-06-21,6983825.702709247,6329013.897919106,40618469.09906631
152,2020-06-22,6623087.546545299,6415859.4546175245,41145741.929626554
153,2020-06-23,6274790.2796054995,6498513.109987374,41647005.80921303
154,2020-06-24,5939317.515741995,6577083.658072477,42123008.005468085
155,2020-06-25,5616915.958786981,6651689.299901321,42574544.23417406
156,2020-06-26,5307711.680670475,6722455.695241549,43002447.28037474
157,2020-06-27,5011725.4923034385,6789514.19501972,43407576.74259639
158,2020-06-28,4728887.307252061,6853000.24513037,43790809.861831844
159,2020-06-29,4459049.432544499,6913051.955524056,44153033.40165152
160,2020-06-30,4201998.679697191,6969808.8503321335,44495136.5659845
161,2020-07-01,3957467.412608938,7023410.756092387,44818004.8212351
162,2020-07-02,3725143.5014874307,7073996.84494274,45122514.59537427
163,2020-07-03,3504679.1974581396,7121704.813848267,45409528.79853763
164,2020-07-04,3295698.9806939815,7166670.191549814,45679893.08769433
165,2020-07-05,3097806.540651265,7209025.753266717,45934432.75880546
166,2020-07-06,2910590.8066627015,7248901.047123377,46173950.28263061
167,2020-07-07,2733631.2160556787,7286422.008631774,46399223.3415843
168,2020-07-08,2566502.2540677153,7321710.658102877,46611003.34406227
169,2020-07-09,2408777.3225742155,7354884.872522615,46810014.35249192
170,2020-07-10,2260032.016584891,7386058.2207111325,46996952.371864386
171,2020-07-11,2119846.8580766604,7415339.855814824,47172484.95122945
172,2020-07-12,1987809.572854171,7442834.454493843,47337251.04750397
173,2020-07-13,1863516.930450124,7468642.198536805,47491861.11732399
174,2020-07-14,1746576.258334963,7492858.7913670475,47636897.40422317
175,2020-07-15,1636606.5639527475,7515575.505259067,47772914.38133363
176,2020-07-16,1533239.4404681628,7536879.25146931,47900439.321993716
177,2020-07-17,1436119.7048112885,7556852.67176644,48019972.980036885
178,2020-07-18,1344905.8338360328,7575574.245846722,48131990.35008001
179,2020-07-19,1259270.222017122,7593118.411759169,48236941.49376788
180,2020-07-20,1178899.2924044789,7609555.696033917,48335252.41182675
181,2020-07-21,1103493.4799580541,7624952.851425017,48427325.9500073
182,2020-07-22,1032767.1113849202,7639372.999102993,48513542.72535631
183,2020-07-23,966448.1986573405,7652875.7750167055,48594262.06318024
184,2020-07-24,904278.1625859324,7665517.47643082,48669822.9342524
185,2020-07-25,846011.5011854939,7677351.209557166,48740544.88592187
186,2020-07-26,791415.4125920591,7688427.036220866,48806728.964665145
187,2020-07-27,740269.3845133982,7698792.11858355,48868658.62050839
188,2020-07-28,692364.7641155989,7708490.85963938,48926600.58120741
189,2020-07-29,647504.3044384655,7717565.042531224,48980805.715656616
190,2020-07-30,605501.7031209825,7726053.965106895,49031509.86482023
191,2020-07-31,566181.1389020862,7733994.569527947,49078934.6395643
192,2020-08-01,529376.7937837788,7741421.5712407585,49123288.21255856
193,2020-08-02,494932.40561995574,7748367.575671326,49164766.03272211
194,2020-08-03,462700.8019368462,7754863.197223937,49203551.55241508
195,2020-08-04,432543.453389897,7760937.170274307,49239816.90449848
196,2020-08-05,404330.03633021103,7766616.455852883,49273723.55203315
197,2020-08-06,377938.008157047,7771926.343367132,49305422.90544173
198,2020-08-07,353252.19591017417,7776890.547469616,49335056.91131462
199,2020-08-08,330164.3972638291,7781531.300583735,49362758.61438348
200,2020-08-09,308573.0110200062,7785869.438054632,49388652.66996191
201,2020-08-10,288382.644928534,7789924.4869912695,49412855.88216674
202,2020-08-11,269503.79236786417,7793714.738326538,49435477.64197009
203,2020-08-12,251852.4826701398,7797257.32512877,49456620.39638333
204,2020-08-13,235349.96457470438,7800568.292175213,49476380.06925409
205,2020-08-14,219922.4026285854,7803662.662371677,49494846.461413115
206,2020-08-15,205500.58599791143,7806554.50000876,49512103.63147043
207,2020-08-16,192019.66290279647,7809256.96808936,49528230.240715384
208,2020-08-17,179418.86205804013,7811782.388119292,49543299.91264509
209,2020-08-18,167641.26435304308,7814142.288804964,49557381.52555858
210,2020-08-19,156633.5618236242,7816347.457263295,49570539.5201656
211,2020-08-20,146345.83796667628,7818407.985475639,49582834.178421155
212,2020-08-21,136731.36007033693,7820333.314011017,49594321.88590411
213,2020-08-22,127746.38288258579,7822132.27318903,49605055.37885051
214,2020-08-23,119349.96353380612,7823813.121798381,49615083.97604148
215,2020-08-24,111503.78704166501,7825383.583447701,49624453.796703905
216,2020-08-25,104172.00252189465,7826850.880518622,49633207.964435756
217,2020-08-26,97321.06813664286,7828221.766389159,49641386.79944822
218,2020-08-27,90919.60601973718,7829502.555371509,49649027.998083934
219,2020-08-28,84938.2657615854,7830699.150724773,49656166.80147171
220,2020-08-29,79349.59562402898,7831817.071384894,49662836.15366482
221,2020-08-30,74127.92245654856,7832861.47640401,49669066.84943533
222,2020-08-31,69249.23811649617,7833837.188311883,49674887.67333787
223,2020-09-01,64691.09334661337,7834748.714795995,49680325.529543504
224,2020-09-02,60432.49790596114,7835600.269095496,49685405.56376858
225,2020-09-03,56453.82710079927,7836395.789055875,49690151.27720336
226,2020-09-04,52736.734780616505,7837138.954840603,49694584.63239567
227,2020-09-05,49264.069266297985,7837833.206025473,49698726.155421115
228,2020-09-06,46019.79834523933,7838481.7568277875,49702595.02690027
229,2020-09-07,42988.93604632092,7839087.610958597,49706209.17075887
230,2020-09-08,40157.47525314376,7839653.57528001,49709585.335802875
231,2020-09-09,37512.323909567654,7840182.272719148,49712739.17287867
232,2020-09-10,35041.24661175979,7840676.154072567,49715685.30542477
233,2020-09-11,32732.808275069747,7841137.5093964785,49718437.39747621
234,2020-09-12,30576.32234452002,7841568.478474477,49721008.21609563
235,2020-09-13,28561.802168886377,7841971.060611115,49723409.689991936
236,2020-09-14,26679.915483853805,7842347.123815286,49725652.96431269
237,2020-09-15,24921.9417376005,7842698.413397671,49727748.45199317
238,2020-09-16,23279.732236811644,7843026.560003683,49729705.88166339
239,2020-09-17,21745.672825552392,7843333.087120171,49731534.34250277
240,2020-09-18,20312.64901339185,7843619.41809077,49733242.326118946
241,2020-09-19,18974.013315512268,7843886.882683396,49734837.76574878
242,2020-09-20,17723.554741561078,7844136.723222447,49736328.072862744
243,2020-09-21,16555.47007702606,7844370.100358359,49737720.17160251
244,2020-09-22,15464.338014607001,7844588.098262519,49739020.529788114
245,2020-09-23,14445.092510066188,7844791.729976298,49740235.190841526
246,2020-09-24,13493.001027128039,7844981.941776847,49741369.79984131
247,2020-09-25,12603.64214018361,7845159.617669867,49742429.63033944
248,2020-09-26,11772.88509108178,7845325.583489881,49743419.608829
249,2020-09-27,10996.870805828818,7845480.610707588,49744344.337456025
250,2020-09-28,10271.99395879295,7845625.4200243065,49745208.115475446
251,2020-09-29,9594.886484644077,7845760.684673994,49746014.95897073
252,2020-09-30,8962.40198530028,7845887.033548762,49746768.6194941
253,2020-10-01,8371.60103376555,7846005.054147676,49747472.60162589
254,2020-10-02,7819.73764279765,7846115.295287392,49748130.17914337
255,2020-10-03,7304.246603729677,7846218.2696199585,49748744.41017443
256,2020-10-04,6822.731566738787,7846314.456038992,49749318.151406065
257,2020-10-05,6372.95395029695,7846404.301892905,49749854.07134061
258,2020-10-06,5952.82256490707,7846488.225061527,49750354.662686706
259,2020-10-07,5560.383926453576,7846566.615894565,49750822.25392471
260,2020-10-08,5193.81320179215,7846639.839023502,49751259.02011538
261,2020-10-09,4851.405733212213,7846708.235057311,49751666.99301646
262,2020-10-10,4531.569095792163,7846772.122171384,49752048.07056192
263,2020-10-11,4232.8159646799495,7846831.79753428,49752404.02537365
264,2020-10-12,3953.7566691787174,7846887.538796943,49752736.51364603
265,2020-10-13,3693.09328664823,7846939.605273832,49753047.08219223
266,2020-10-14,3449.613372744362,7846988.239196844,49753337.17592371
267,2020-10-15,3222.1843534633886,7847033.666836587,49753608.14453983
268,2020-10-16,3009.7482825030315,7847076.099550352,49753861.24878139
269,2020-10-17,2811.3169056297615,7847115.734769142,49754097.66631687
270,2020-10-18,2625.967124622541,7847152.756904988,49754318.49715117
271,2020-10-19,2452.8366475405073,7847187.338219775,49754524.76881389
272,2020-10-20,2291.120008974991,7847219.639619691,49754717.4411064
273,2020-10-21,2140.064824221384,7847249.811406542,49754897.41056429
274,2020-10-22,1998.9682935276137,7847277.993975106,49755065.51462733
275,2020-10-23,1867.173936438856,7847304.318465351,49755222.53553363
276,2020-10-24,1744.0685397683926,7847328.907372919,49755369.203957334
277,2020-10-25,1629.079289983757,7847351.8751221625,49755506.20242722
278,2020-10-26,1521.6712015291293,7847373.328580044,49755634.16839239
279,2020-10-27,1421.3444425432822,7847393.3675905345,49755753.697409995
280,2020-10-28,1327.6321890823588,7847412.085403391,49755865.345703036
281,2020-10-29,1240.098382508675,7847429.569122276,49755969.632833354
282,2020-10-30,1158.3357031095645,7847445.900109654,49756067.04411689
283,2020-10-31,1081.963687910171,7847461.154362842,49756158.03286704
284,2020-11-01,1010.6269404335887,7847475.4028717205,49756243.02252827
285,2020-11-02,943.9934736283399,7847488.711949835,49756322.408651024
286,2020-11-03,881.7532529314661,7847501.143525506,49756396.56062792
287,2020-11-04,823.616623074116,7847512.755456127,49756465.82356874
288,2020-11-05,769.3130318603136,7847523.601782929,49756530.51982154
289,2020-11-06,718.5897811016058,7847533.732980538,49756590.950461164
290,2020-11-07,671.210815865951,7847543.196199366,49756647.39673133
291,2020-11-08,626.9556482274262,7847552.035480788,49756700.12132679
292,2020-11-09,585.6183267660878,7847560.29196123,49756749.36962412
293,2020-11-10,547.0064766469923,7847568.004065922,49756795.37082248
294,2020-11-11,510.9404054884471,7847575.207686707,49756838.33901032
295,2020-11-12,477.2522680053503,7847581.936348984,49756878.474160664
296,2020-11-13,445.78528481506396,7847588.22136776,49756915.96306194
297,2020-11-14,416.39301016299146,7847594.091993939,49756950.98019057
298,2020-11-15,388.93865836528454,7847599.575548872,49756983.688513465
299,2020-11-16,363.2944618091469,7847604.697552603,49757014.24025303
300,2020-11-17,339.34106674983775,7847609.481844554,49757042.7776071
301,2020-11-18,316.96699731294024,7847613.950690605,49757069.43338753
302,2020-11-19,296.06812541261115,7847618.124888979,49757094.331651844
303,2020-11-20,276.54718786657565,7847622.023866693,49757117.58827852
304,2020-11-21,258.3133345662461,7847625.665769791,49757139.311505415
305,2020-11-22,241.28170072269108,7847629.067548815,49757159.60243942
306,2020-11-23,225.37302530067143,7847632.245035056,49757178.55551092
307,2020-11-24,210.5132673830105,7847635.2130171675,49757196.25893103
308,2020-11-25,196.63326882076896,7847637.985308369,49757212.79509371
309,2020-11-26,183.66843095008872,7847640.574811286,49757228.24096056
310,2020-11-27,171.55841415270433,7847642.993577883,49757242.668418966
311,2020-11-28,160.24685732711214,7847645.252865413,49757256.14461632
312,2020-11-29,149.6811153004224,7847647.363188939,49757268.73227293
313,2020-11-30,139.81201397884027,7847649.334370211,49757280.48997365
314,2020-12-01,130.5936214461597,7847651.175583402,49757291.472440615
315,2020-12-02,121.98303426550352,7847652.89539779,49757301.73078791
316,2020-12-03,113.94017661659947,7847654.501817877,49757311.3127608
317,2020-12-04,106.42761914368747,7847656.00231957,49757320.26295161
318,2020-12-05,99.41039501873595,7847657.40388692,49757328.62301884
319,2020-12-06,92.85584454160339,7847658.713043169,49757336.431872316
320,2020-12-07,86.73346247603877,7847659.935881233,49757343.72585509
321,2020-12-08,81.01475432721327,7847661.07809241,49757350.53891466
322,2020-12-09,75.67310441540312,7847662.144992742,49757356.902760126
323,2020-12-10,70.68365170098495,7847663.141547811,49757362.84701016
324,2020-12-11,66.02317362148463,7847664.072395933,49757368.399331376
325,2020-12-12,61.66998088776108,7847664.941869145,49757373.58556375
326,2020-12-13,57.60381265373843,7847665.754014195,49757378.429845415
327,2020-12-14,53.80574404180889,7847666.512611094,49757382.954722725
328,2020-12-15,50.258098226709976,7847667.221190427,49757387.18125533
329,2020-12-16,46.944363789316796,7847667.8830500655,49757391.129114404
330,2020-12-17,43.84911799032753,7847668.501270436,49757394.81667406
331,2020-12-18,40.957954953886286,7847669.078728868,49757398.26109696
332,2020-12-19,38.25741865735123,7847669.618112967,49757401.47841414
333,2020-12-20,35.73494033196989,7847670.12193313,49757404.48359962
334,2020-12-21,33.378779778244336,7847670.592534255,49757407.290640235
335,2020-12-22,31.177970916160653,7847671.032106629,49757409.9126006
336,2020-12-23,29.12227142664074,7847671.442695974,49757412.36168303
337,2020-12-24,27.202112839942124,7847671.826213425,49757414.64928708
338,2020-12-25,25.4085585773338,7847672.184443906,49757416.78605948
339,2020-12-26,23.73326112251306,7847672.5190546885,49757418.78194513
340,2020-12-27,22.16842328953486,7847672.831603125,49757420.64623333
341,2020-12-28,20.706762031356163,7847673.12354387,49757422.38760083
342,2020-12-29,19.34147430380027,7847673.396235709,49757424.01415254
343,2020-12-30,18.066205999264458,7847673.650947778,49757425.5334585
344,2020-12-31,16.875021688618723,7847673.888865583,49757426.95258993
345,2021-01-01,15.762377384260038,7847674.1110964045,49757428.27815179
346,2021-01-02,14.72309460178361,7847674.318674554,49757429.51631354
347,2021-01-03,13.752336265928855,7847674.512566175,49757430.67283785
348,2021-01-04,12.845584269548118,7847674.693673673,49757431.75310744
349,2021-01-05,11.99861839372157,7847674.8628399605,49757432.762150116
350,2021-01-06,11.207496680974911,7847675.020852372,49757433.70466218
351,2021-01-07,10.468537092362482,7847675.16844633,49757434.58503029
352,2021-01-08,9.778300348653074,7847675.306308771,49757435.407351844
353,2021-01-09,9.133573826973151,7847675.435081357,49757436.17545425
354,2021-01-10,8.531357220948276,7847675.555363347,49757436.89291197
355,2021-01-11,7.968847288579058,7847675.667714637,49757437.56306468
356,2021-01-12,7.443426088499178,7847675.772658117,49757438.189031295
357,2021-01-13,6.9526482189261625,7847675.87068221,49757438.77372517
358,2021-01-14,6.494229488786346,7847675.962243144,49757439.3198676
359,2021-01-15,6.06603636566909,7847676.047767054,49757439.83000041
360,2021-01-16,5.666075896157379,7847676.127651994,49757440.30649791
361,2021-01-17,5.29248642325508,7847676.202269796,49757440.751578026
362,2021-01-18,4.943529452406262,7847676.271967699,49757441.16731193
363,2021-01-19,4.6175807649033365,7847676.337070117,49757441.55563463
364,2021-01-20,4.3131232516562825,7847676.397880064,49757441.91835356
365,2021-01-21,4.028740010193293,7847676.454680521,49757442.2571568
366,2021-01-22,3.7631074134365994,7847676.507735867,49757442.57362125
367,2021-01-23,3.5149891354126503,7847676.557293048,49757442.8692198
368,2021-01-24,3.2832303884783527,7847676.603582705,49757443.14532824
369,2021-01-25,3.0667525175836765,7847676.646820283,49757443.40323162
370,2021-01-26,2.864547985748895,7847676.687207015,49757443.6441303
371,2021-01-27,2.6756756890627216,7847676.724930872,49757443.86914546
372,2021-01-28,2.4992565756479586,7847676.760167429,49757444.07932438
373,2021-01-29,2.3344695531187134,7847676.793080684,49757444.27564528
374,2021-01-30,2.180547640001104,7847676.823823828,49757444.459021896
375,2021-01-31,2.0367745235407337,7847676.8525399305,49757444.63030764
376,2021-02-01,1.9024810077391667,7847676.879362654,49757444.79029975
377,2021-02-02,1.7770420393545785,7847676.9044168405,49757444.939742886
378,2021-02-03,1.6598738124395702,7847676.927819095,49757445.07933259
379,2021-02-04,1.55043100620135,7847676.9496783335,49757445.209718525
380,2021-02-05,1.4482042493181464,7847676.970096294,49757445.331507534
381,2021-02-06,1.3527177515014144,7847676.9891680125,49757445.44526646
382,2021-02-07,1.2635270927622917,7847677.006982255,49757445.55152476
383,2021-02-08,1.1802171788502476,7847677.023621914,49757445.65077698
384,2021-02-09,1.1024002738306033,7847677.039164429,49757445.74348506
385,2021-02-10,1.0297141623440553,7847677.0536821745,49757445.830080494
386,2021-02-11,0.9618205579540096,7847677.067242709,49757445.91096631
387,2021-02-12,0.8984034699717184,7847677.079909144,49757445.98651897
388,2021-02-13,0.8391677574187781,7847677.091740418,49757446.0570901
389,2021-02-14,0.7838377183874615,7847677.102791602,49757446.123008184
390,2021-02-15,0.7321558337645043,7847677.113114133,49757446.18457999
391,2021-02-16,0.6838815643669891,7847677.122756052,49757446.242092095
392,2021-02-17,0.6387902276454379,7847677.131762237,49757446.295812175
393,2021-02-18,0.5966719696985057,7847677.140174606,49757446.34599024
394,2021-02-19,0.557330751245511,7847677.148032308,49757446.39285985
395,2021-02-20,0.5205834732515596,7847677.155371917,49757446.43663914
396,2021-02-21,0.48625910489357416,7847677.162227595,49757446.477531865
397,2021-02-22,0.4541978948910539,7847677.168631246,49757446.51572835
398,2021-02-23,0.4242506234860258,7847677.174612675,49757446.551406376
399,2021-02-24,0.3962779049330811,7847677.180199726,49757446.58473199
400,2021-02-25,0.37014954959693136,7847677.185418398,49757446.61586029
401,2021-02-26,0.34574395900786076,7847677.190292974,49757446.644936174
402,2021-02-27,0.32294753624858685,7847677.194846149,49757446.67209495
403,2021-02-28,0.3016541724880515,7847677.199099121,49757446.697463036
404,2021-03-01,0.2817647806064833,7847677.203071669,49757446.72115849
405,2021-03-02,0.26318678381926364,7847677.206782291,49757446.743291594
406,2021-03-03,0.24583371603929385,7847677.210248254,49757446.76396536
407,2021-03-04,0.22962481222343806,7847677.213485691,49757446.78327603
408,2021-03-05,0.21448462728442688,7847677.216509671,49757446.80131346
409,2021-03-06,0.20034270037921967,7847677.219334268,49757446.81816161
410,2021-03-07,0.18713321454013992,7847677.221972625,49757446.83389887
411,2021-03-08,0.17479468966000167,7847677.2244370235,49757446.84859851
412,2021-03-09,0.16326969672123978,7847677.226738935,49757446.86232894
413,2021-03-10,0.15250459553649326,7847677.228889072,49757446.87515406
414,2021-03-11,0.14244930823738006,7847677.230897436,49757446.887133546
415,2021-03-12,0.13305700782142973,7847677.232773375,49757446.89832317
416,2021-03-13,0.12428398086733851,7847677.234525624,49757446.908775024
417,2021-03-14,0.11608938848974935,7847677.236162349,49757446.91853774
418,2021-03-15,0.10843509574235183,7847677.237691161,49757446.92765677
419,2021-03-16,0.10128548938876819,7847677.239119167,49757446.93617453
420,2021-03-17,0.0946072889764152,7847677.240453018,49757446.94413067
421,2021-03-18,0.08836941182512192,7847677.241698923,49757446.951562226
422,2021-03-19,0.08254283112177174,7847677.242862677,49757446.9585038
423,2021-03-20,0.07710042543289591,7847677.243949701,49757446.96498767
424,2021-03-21,0.07201685310947815,7847677.244965054,49757446.97104405
425,2021-03-22,0.0672684493516304,7847677.245913464,49757446.97670111
426,2021-03-23,0.06283314007930453,7847677.246799337,49757446.981985174
427,2021-03-24,0.05869027156666293,7847677.2476268,49757446.986920826
428,2021-03-25,0.054820560319840735,7847677.248399706,49757446.99153106
429,2021-03-26,0.05120599172512214,7847677.249121652,49757446.99583732
430,2021-03-27,0.047829743774659525,7847677.2497959975,49757446.99985965
431,2021-03-28,0.04467612922347926,7847677.250425875,49757447.00361674
432,2021-03-29,0.04173045641221119,7847677.251014218,49757447.00712611
433,2021-03-30,0.03897898488195055,7847677.251563771,49757447.01040411
434,2021-03-31,0.03640892077521229,7847677.2520771,49757447.01346598
435,2021-04-01,0.03400830681922842,7847677.2525565885,49757447.01632596
436,2021-04-02,0.03176599487318375,7847677.253004444,49757447.01899738
437,2021-04-03,0.029671536706531037,7847677.253422762,49757447.02149265
438,2021-04-04,0.02771515453002542,7847677.253813521,49757447.023823395
439,2021-04-05,0.02588777093160412,7847677.254178511,49757447.02600047
440,2021-04-06,0.024180876643617687,7847677.254519436,49757447.028033994
441,2021-04-07,0.022586526581073855,7847677.254837878,49757447.029933445
442,2021-04-08,0.021097298322160278,7847677.255135325,49757447.03170765
443,2021-04-09,0.019706256716730517,7847677.25541316,49757447.03336488
444,2021-04-10,0.01840693129334247,7847677.255672675,49757447.03491285
445,2021-04-11,0.017193281758678923,7847677.255915077,49757447.036358744
446,2021-04-12,0.016059649333193416,7847677.2561415015,49757447.03770931
447,2021-04-13,0.015000757300762876,7847677.256353001,49757447.03897082
448,2021-04-14,0.014011685947349911,7847677.256550552,49757447.04014916
449,2021-04-15,0.013087839350676676,7847677.256735068,49757447.0412498
450,2021-04-16,0.012224912265551988,7847677.256907412,49757447.04227787
451,2021-04-17,0.011418867517568165,7847677.257068407,49757447.04323816
452,2021-04-18,0.010665955745798879,7847677.2572188,49757447.04413514
453,2021-04-19,0.009962707005953274,7847677.257359258,49757447.04497296
454,2021-04-20,0.009305822267293193,7847677.257490459,49757447.04575555
455,2021-04-21,0.008692249402150963,7847677.25761301,49757447.046486534
456,2021-04-22,0.008119137170960062,7847677.257727479,49757447.04716932
457,2021-04-23,0.007583814096765179,7847677.2578344,49757447.04780708
458,2021-04-24,0.007083786164902715,7847677.257934271,49757447.0484028
459,2021-04-25,0.006616726239046838,7847677.258027558,49757447.04895924
460,2021-04-26,0.006180456047909743,7847677.258114696,49757447.04947899
461,2021-04-27,0.005772947143751795,7847677.258196088,49757447.04996448
462,2021-04-28,0.005392306860704051,7847677.258272111,49757447.05041797
463,2021-04-29,0.005036769449050908,7847677.258343121,49757447.05084154
464,2021-04-30,0.0047046736514442505,7847677.25840945,49757447.05123719
465,2021-05-01,0.00439446896653711,7847677.258471412,49757447.05160675
466,2021-05-02,0.004104697414739946,7847677.258529298,49757447.05195195
467,2021-05-03,0.003834064732009453,7847677.258583353,49757447.052274376
468,2021-05-04,0.003581279249601329,7847677.258633833,49757447.05257554
469,2021-05-05,0.0033451473240648224,7847677.258680997,49757447.05285687
470,2021-05-06,0.00312458738299997,7847677.25872505,49757447.053119645
471,2021-05-07,0.0029185697295527188,7847677.2587661985,49757447.05336509
472,2021-05-08,0.002726135798867633,7847677.258804634,49757447.05359435
473,2021-05-09,0.002546389933729399,7847677.258840536,49757447.053808495
474,2021-05-10,0.0023784958505226215,7847677.25887407,49757447.05400852
475,2021-05-11,0.002221670752639812,7847677.258905393,49757447.05419535
476,2021-05-12,0.002075183936352778,7847677.258934651,49757447.054369874
477,2021-05-13,0.001938354662611124,7847677.258961979,49757447.054532886
478,2021-05-14,0.001810551468034942,7847677.258987504,49757447.054685146
479,2021-05-15,0.001691175675008472,7847677.259011346,49757447.05482737
480,2021-05-16,0.0015796721653179326,7847677.259033614,49757447.05496021
481,2021-05-17,0.0014755021031849728,7847677.259054418,49757447.055084325
482,2021-05-18,0.0013782320531356305,7847677.259073845,49757447.055200204
483,2021-05-19,0.001287355708466392,7847677.259091998,49757447.05530846
484,2021-05-20,0.0012024696941408482,7847677.259108958,49757447.05540958
